2016-07-19	475	479	468	479	1273900	479
2016-07-15	472	475	464	468	1095600	468
2016-07-14	457	469	455	467	698200	467
2016-07-13	464	467	451	453	1009200	453
2016-07-12	456	460	451	456	933900	456
2016-07-11	445	449	438	442	1486100	442
2016-07-08	455	459	443	443	707000	443
2016-07-07	458	461	452	453	621500	453
2016-07-06	454	457	447	454	806300	454
2016-07-05	471	474	465	469	811300	469
2016-07-04	469	480	467	475	598600	475
2016-07-01	472	480	467	475	604400	475
2016-06-30	479	482	470	471	715100	471
2016-06-29	468	475	463	471	927500	471
2016-06-28	449	470	449	464	1056600	464
2016-06-27	449	457	447	456	710400	456
2016-06-24	480	483	432	434	1096600	434
2016-06-23	473	478	471	476	606700	476
2016-06-22	480	480	467	470	924100	470
2016-06-21	469	484	464	480	1255300	480
2016-06-20	462	481	462	471	1541200	471
2016-06-17	496	498	447	457	3412100	457
2016-06-16	500	501	484	484	1215900	484
2016-06-15	498	506	496	502	1167600	502
2016-06-14	502	506	493	498	896500	498
2016-06-13	512	512	503	503	894600	503
2016-06-10	530	531	516	518	1248600	518
2016-06-09	534	535	527	528	768700	528
2016-06-08	527	531	523	531	769900	531
2016-06-07	526	529	523	524	651600	524
2016-06-06	520	526	518	524	778500	524
2016-06-03	522	528	522	526	700900	526
2016-06-02	527	530	522	523	967600	523
2016-06-01	531	540	525	533	882400	533
2016-05-31	528	540	525	538	1123800	538
2016-05-30	526	529	522	527	1080800	527
2016-05-27	523	526	518	525	928300	525
2016-05-26	530	534	521	522	1099000	522
2016-05-25	531	534	525	527	1022300	527
2016-05-24	526	530	523	527	1080600	527
2016-05-23	531	534	523	528	1404600	528
2016-05-20	536	541	531	539	1251300	539
2016-05-19	543	547	537	540	1139700	540
2016-05-18	537	545	529	535	1332900	535
2016-05-17	539	543	533	541	1271900	541
2016-05-16	531	542	531	536	1118900	536
2016-05-13	532	534	527	531	2059900	531
2016-05-12	552	564	538	540	3397400	540
2016-05-11	625	627	610	612	1044400	612
2016-05-10	613	626	607	618	1147400	618
2016-05-09	591	608	588	603	928400	603
2016-05-06	578	589	578	585	1197000	585
2016-05-02	565	576	564	574	1120200	574
2016-04-28	606	609	582	585	1197000	585
2016-04-27	609	616	601	601	1028400	601
2016-04-26	621	627	612	615	675300	615
2016-04-25	631	635	621	623	738400	623
2016-04-22	632	637	624	631	891000	631
2016-04-21	632	640	631	639	878200	639
2016-04-20	629	632	620	623	1099900	623
2016-04-19	626	634	624	628	690400	628
2016-04-18	608	622	608	616	591800	616
2016-04-15	624	636	624	631	610000	631
2016-04-14	631	634	622	632	1115300	632
2016-04-13	625	635	621	626	928900	626
2016-04-12	617	630	616	625	861700	625
2016-04-11	616	620	610	617	616300	617
2016-04-08	610	631	605	622	846500	622
2016-04-07	608	625	607	619	645200	619
2016-04-06	601	618	600	610	747800	610
2016-04-05	635	638	607	608	715900	608
2016-04-04	637	646	634	641	513600	641
2016-04-01	661	667	631	632	868700	632
2016-03-31	662	663	654	655	778600	655
2016-03-30	660	666	655	658	618600	658
2016-03-29	650	662	650	660	727000	660
2016-03-28	660	660	646	655	846300	655
2016-03-25	661	664	650	654	559400	654
2016-03-24	653	664	648	658	630300	658
2016-03-23	666	670	656	659	825800	659
2016-03-22	656	668	656	666	632600	666
2016-03-18	645	657	639	651	1020300	651
2016-03-17	656	657	645	653	823300	653
2016-03-16	654	662	647	655	882900	655
2016-03-15	667	668	654	659	751500	659
2016-03-14	665	674	660	673	1012400	673
2016-03-11	650	663	645	653	1185200	653
2016-03-10	643	660	642	659	1115100	659
2016-03-09	647	647	634	643	947900	643
2016-03-08	663	665	636	654	1665300	654
2016-03-07	697	698	671	673	1096500	673
2016-03-04	719	720	696	708	1427900	708
2016-03-03	722	734	718	730	1205700	730
2016-03-02	705	728	702	723	1278600	723
2016-03-01	692	695	680	691	710700	691
2016-02-29	696	701	686	687	1092900	687
2016-02-26	699	700	677	686	1325000	686
2016-02-25	674	696	673	691	735000	691
2016-02-24	659	678	640	670	650400	670
2016-02-23	688	693	667	669	614300	669
2016-02-22	678	688	663	683	858900	683
2016-02-19	652	686	649	680	1284500	680
2016-02-18	651	658	647	654	880800	654
2016-02-17	641	655	628	643	703000	643
2016-02-16	650	661	642	651	807800	651
2016-02-15	637	662	625	656	1388800	656
2016-02-12	640	644	609	612	1585700	612
2016-02-10	674	678	647	659	1219000	659
2016-02-09	690	692	665	675	954200	675
2016-02-08	689	726	686	724	1256900	724
2016-02-05	681	699	675	695	1139300	695
2016-02-04	699	717	686	692	2659500	692
2016-02-03	682	687	662	669	1024700	669
2016-02-02	685	693	677	685	836800	685
2016-02-01	690	697	685	695	1027000	695
2016-01-29	664	678	652	676	1346600	676
2016-01-28	645	662	642	652	1085400	652
2016-01-27	634	650	630	648	1011500	648
2016-01-26	624	633	617	618	818600	618
2016-01-25	626	636	620	634	655300	634
2016-01-22	601	618	599	617	622100	617
2016-01-21	605	616	591	591	982100	591
2016-01-20	624	629	605	606	667700	606
2016-01-19	626	633	619	627	563200	627
2016-01-18	632	637	621	632	548200	632
2016-01-15	648	655	639	642	782900	642
2016-01-14	629	638	623	638	915200	638
2016-01-13	641	645	636	645	848100	645
2016-01-12	644	653	633	634	1078400	634
2016-01-08	655	663	651	654	1298400	654
2016-01-07	666	669	658	660	947000	660
2016-01-06	668	674	662	668	788400	668
2016-01-05	663	672	661	670	895400	670
2016-01-04	675	683	663	665	817200	665
2015-12-30	681	687	678	684	671700	684
2015-12-29	670	680	665	678	687200	678
2015-12-28	666	681	665	679	549600	679
2015-12-25	662	669	656	662	376700	662
2015-12-24	684	687	665	668	693900	668
2015-12-22	679	685	676	681	922200	681
2015-12-21	664	676	654	672	1218400	672
2015-12-18	654	679	652	662	1886700	662
2015-12-17	638	667	637	664	1449800	664
2015-12-16	664	666	628	632	3298000	632
2015-12-15	675	680	662	663	657900	663
2015-12-14	656	675	654	675	691400	675
2015-12-11	671	676	668	671	1121200	671
2015-12-10	674	679	662	673	968100	673
2015-12-09	671	692	670	679	1654000	679
2015-12-08	655	677	653	670	1620900	670
2015-12-07	636	642	630	637	732200	637
2015-12-04	622	631	612	628	974700	628
2015-12-03	637	644	621	629	1149600	629
2015-12-02	643	644	634	637	849700	637
2015-12-01	627	646	620	645	794100	645
2015-11-30	632	637	621	623	715000	623
2015-11-27	626	652	625	636	1114800	636
2015-11-26	623	630	618	619	807900	619
2015-11-25	615	621	612	618	645000	618
2015-11-24	602	616	602	614	583800	614
2015-11-20	601	607	599	603	717000	603
2015-11-19	610	614	605	608	635200	608
2015-11-18	612	614	600	601	509800	601
2015-11-17	608	611	605	608	506900	608
2015-11-16	596	603	594	598	447600	598
2015-11-13	602	606	599	601	609700	601
2015-11-12	605	609	601	605	510500	605
2015-11-11	610	613	603	606	610100	606
2015-11-10	609	612	602	607	531600	607
2015-11-09	620	628	613	618	958100	618
2015-11-06	624	625	611	618	767900	618
2015-11-05	595	615	588	614	1314300	614
2015-11-04	627	634	619	622	679700	622
2015-11-02	627	631	617	617	994400	617
2015-10-30	642	646	635	640	783600	640
2015-10-29	642	645	629	636	1164900	636
2015-10-28	647	647	633	643	732200	643
2015-10-27	665	668	647	651	1043300	651
2015-10-26	658	669	655	663	907400	663
2015-10-23	649	654	646	650	964300	650
2015-10-22	632	645	627	640	787900	640
2015-10-21	623	632	611	630	950300	630
2015-10-20	635	648	626	630	707800	630
2015-10-19	630	634	618	626	632100	626
2015-10-16	629	638	627	632	607400	632
2015-10-15	618	627	608	623	786500	623
2015-10-14	633	633	614	620	1182400	620
2015-10-13	627	633	622	627	1402300	627
2015-10-09	621	625	612	623	1083800	623
2015-10-08	604	613	599	611	1137200	611
2015-10-07	589	600	584	599	1070600	599
2015-10-06	587	593	582	584	898300	584
2015-10-05	574	575	563	570	912900	570
2015-10-02	573	577	560	571	779400	571
2015-10-01	564	579	562	572	864700	572
2015-09-30	558	562	553	561	833100	561
2015-09-29	552	553	540	548	1289400	548
2015-09-28	555	574	546	561	1394000	561
2015-09-25	541	560	539	554	2786500	554
2015-09-24	549	559	527	532	1988700	532
2015-09-18	562	567	557	559	1402100	559
2015-09-17	560	569	559	566	855800	566
2015-09-16	551	556	548	556	1236800	556
2015-09-15	539	550	539	543	795100	543
2015-09-14	546	557	541	541	680200	541
2015-09-11	542	551	540	541	929600	541
2015-09-10	540	549	533	545	795500	545
2015-09-09	542	556	538	555	1332700	555
2015-09-08	526	536	522	524	908100	524
2015-09-07	516	525	509	520	960200	520
2015-09-04	523	527	510	518	1061700	518
2015-09-03	515	533	513	518	1392800	518
2015-09-02	520	525	506	508	1446900	508
2015-09-01	544	549	530	530	712000	530
2015-08-31	553	556	541	551	737300	551
2015-08-28	557	559	548	554	822100	554
2015-08-27	534	563	534	539	1547000	539
2015-08-26	513	531	510	527	1352700	527
2015-08-25	521	537	513	514	1005000	514
2015-08-24	562	567	544	544	914400	544
2015-08-21	583	587	574	575	686300	575
2015-08-20	599	601	593	593	632100	593
2015-08-19	609	612	601	601	591400	601
2015-08-18	613	621	609	610	508500	610
2015-08-17	607	614	605	610	791300	610
2015-08-14	611	614	606	608	663100	608
2015-08-13	615	620	611	616	623100	616
2015-08-12	622	626	611	615	672000	615
2015-08-11	627	630	620	625	549500	625
2015-08-10	624	628	620	627	523800	627
2015-08-07	625	631	622	627	548700	627
2015-08-06	632	639	628	630	494900	630
2015-08-05	621	649	620	632	864600	632
2015-08-04	635	636	617	623	643200	623
2015-08-03	626	639	624	638	912400	638
2015-07-31	628	632	621	623	648500	623
2015-07-30	606	634	599	623	1071900	623
2015-07-29	624	638	617	636	470200	636
2015-07-28	617	630	613	628	726900	628
2015-07-27	630	630	613	621	1097700	621
2015-07-24	644	645	632	634	474800	634
2015-07-23	643	644	637	640	351000	640
2015-07-22	641	641	637	638	368300	638
2015-07-21	654	656	643	645	421600	645
2015-07-17	658	660	647	651	309600	651
2015-07-16	668	668	654	658	588300	658
2015-07-15	645	663	643	661	1054000	661
2015-07-14	647	648	637	641	680400	641
2015-07-13	637	644	631	637	396200	637
2015-07-10	631	641	627	633	876400	633
2015-07-09	617	626	605	625	768500	625
2015-07-08	646	649	633	636	836500	636
2015-07-07	655	658	647	649	435400	649
2015-07-06	653	656	645	646	693400	646
2015-07-03	674	674	662	666	709800	666
2015-07-02	658	674	658	666	725700	666
2015-07-01	662	664	649	652	897000	652
2015-06-30	655	664	653	657	870100	657
2015-06-29	653	666	652	659	610900	659
2015-06-26	675	688	671	673	683900	673
2015-06-25	677	678	666	673	832700	673
2015-06-24	668	679	665	674	888200	674
2015-06-23	660	670	658	660	756200	660
2015-06-22	654	663	654	658	558600	658
2015-06-19	660	663	655	656	1190100	656
2015-06-18	665	667	654	656	708700	656
2015-06-17	667	670	660	664	843600	664
2015-06-16	674	676	663	664	818200	664
2015-06-15	674	684	674	680	982800	680
2015-06-12	676	681	671	681	1390700	681
2015-06-11	680	682	673	680	807500	680
2015-06-10	675	679	666	677	1360800	677
2015-06-09	680	680	667	668	805900	668
2015-06-08	688	692	680	683	836400	683
2015-06-05	681	691	676	687	1420500	687
2015-06-04	689	696	686	694	797200	694
2015-06-03	683	694	683	691	699500	691
2015-06-02	697	698	687	691	587500	691
2015-06-01	686	693	682	692	787000	692
2015-05-29	694	698	688	688	583300	688
2015-05-28	695	698	691	693	783200	693
2015-05-27	702	703	688	699	982200	699
2015-05-26	692	697	691	694	477200	694
2015-05-25	693	697	690	694	476500	694
2015-05-22	692	697	690	695	623000	695
2015-05-21	691	697	688	693	685400	693
2015-05-20	688	689	682	687	1103300	687
2015-05-19	689	689	678	684	1108500	684
2015-05-18	698	698	683	694	844300	694
2015-05-15	699	702	685	691	1345800	691
2015-05-14	688	713	684	699	2148000	699
2015-05-13	751	759	747	758	377000	758
2015-05-12	762	765	754	762	474200	762
2015-05-11	774	780	766	769	648800	769
2015-05-08	751	758	751	756	457600	756
2015-05-07	745	759	744	751	523400	751
2015-05-01	748	752	738	750	550900	750
2015-04-30	771	771	750	750	891700	750
2015-04-28	777	779	769	772	475000	772
2015-04-27	779	784	774	776	295100	776
2015-04-24	781	781	772	780	632400	780
2015-04-23	778	782	769	773	837000	773
2015-04-22	781	782	773	781	404000	781
2015-04-21	766	781	763	779	588100	779
2015-04-20	765	774	762	768	443700	768
2015-04-17	782	789	776	776	458900	776
2015-04-16	788	794	777	787	511300	787
2015-04-15	798	806	794	796	678400	796
2015-04-14	797	805	795	798	288400	798
2015-04-13	801	806	798	804	526400	804
2015-04-10	804	805	798	802	561700	802
2015-04-09	801	804	795	801	867500	801
2015-04-08	787	805	779	801	1148300	801
2015-04-07	782	788	771	778	591600	778
2015-04-06	771	779	767	775	392200	775
2015-04-03	767	783	767	776	1061800	776
2015-04-02	746	759	741	756	643900	756
2015-04-01	745	747	731	736	1074100	736
2015-03-31	766	766	746	746	747100	746
2015-03-30	756	758	746	751	546300	751
2015-03-27	746	769	745	753	1205900	753
2015-03-26	753	761	745	753	807100	753
2015-03-25	777	783	762	765	727500	765
2015-03-24	775	778	769	771	475800	771
2015-03-23	786	793	775	781	672200	781
2015-03-20	779	787	768	787	1769100	787
2015-03-19	773	780	763	778	707000	778
2015-03-18	757	777	755	775	939400	775
2015-03-17	757	760	744	757	566100	757
2015-03-16	736	755	734	755	830400	755
2015-03-13	729	741	715	737	1078500	737
2015-03-12	737	738	721	726	1011600	726
2015-03-11	732	746	730	742	484500	742
2015-03-10	740	746	730	732	876000	732
2015-03-09	728	739	725	737	514000	737
2015-03-06	722	734	716	732	730900	732
2015-03-05	734	747	722	724	852400	724
2015-03-04	728	732	718	726	1015700	726
2015-03-03	732	736	721	724	494900	724
2015-03-02	732	739	725	732	586800	732
2015-02-27	738	738	723	724	768800	724
2015-02-26	746	749	735	739	639000	739
2015-02-25	744	752	737	746	787700	746
2015-02-24	729	742	723	739	755700	739
2015-02-23	733	738	725	735	784500	735
2015-02-20	730	738	728	737	582800	737
2015-02-19	717	730	714	726	538000	726
2015-02-18	704	711	701	708	1090500	708
2015-02-17	693	706	693	703	704400	703
2015-02-16	703	710	696	703	704700	703
2015-02-13	713	713	697	704	740300	704
2015-02-12	711	720	703	717	802000	717
2015-02-10	711	715	702	706	576500	706
2015-02-09	728	729	706	711	653000	711
2015-02-06	734	736	718	719	651200	719
2015-02-05	729	739	714	725	850400	725
2015-02-04	730	737	730	734	547000	734
2015-02-03	729	729	715	720	680500	720
2015-02-02	716	727	712	725	469300	725
2015-01-30	719	730	715	717	614600	717
2015-01-29	722	729	714	718	390300	718
2015-01-28	712	723	709	722	253800	722
2015-01-27	702	720	700	717	506400	717
2015-01-26	704	705	699	702	385400	702
2015-01-23	717	718	708	717	269000	717
2015-01-22	712	714	698	707	298000	707
2015-01-21	706	719	701	713	640500	713
2015-01-20	694	706	682	706	270600	706
2015-01-19	691	694	681	690	299700	690
2015-01-16	681	685	668	684	638000	684
2015-01-15	696	707	690	699	674100	699
2015-01-14	694	701	692	697	428900	697
2015-01-13	683	698	672	697	452300	697
2015-01-09	695	697	688	693	573200	693
2015-01-08	691	697	684	693	466700	693
2015-01-07	686	697	681	691	384400	691
2015-01-06	709	719	695	696	602900	696
2015-01-05	718	728	714	717	476000	717
2014-12-30	724	724	715	715	269100	715
2014-12-29	727	727	710	719	306500	719
2014-12-26	729	740	726	727	377400	727
2014-12-25	714	725	712	722	376000	722
2014-12-24	713	718	708	713	567100	713
2014-12-22	714	714	701	708	428100	708
2014-12-19	717	719	706	714	618000	714
2014-12-18	690	711	690	709	728400	709
2014-12-17	666	678	664	672	787300	672
2014-12-16	685	688	673	675	590100	675
2014-12-15	690	695	680	685	439400	685
2014-12-12	674	696	674	690	726000	690
2014-12-11	675	681	666	679	483000	679
2014-12-10	698	701	682	685	536000	685
2014-12-09	706	714	698	706	327300	706
2014-12-08	716	720	711	716	269800	716
2014-12-05	720	720	710	712	281800	712
2014-12-04	722	729	721	723	376200	723
2014-12-03	715	719	713	717	382400	717
2014-12-02	712	719	711	717	326100	717
2014-12-01	718	719	710	714	401500	714
2014-11-28	712	717	709	717	243300	717
2014-11-27	710	713	703	708	445800	708
2014-11-26	700	712	700	709	609000	709
2014-11-25	724	727	702	705	744100	705
2014-11-21	714	724	709	721	792400	721
2014-11-20	700	712	698	710	633700	710
2014-11-19	697	698	688	689	387700	689
2014-11-18	678	695	678	695	417700	695
2014-11-17	691	693	675	677	355500	677
2014-11-14	705	705	690	697	611200	697
2014-11-13	697	700	692	699	615000	699
2014-11-12	687	700	684	694	839000	694
2014-11-11	684	688	673	684	611000	684
2014-11-10	676	687	673	686	467300	686
2014-11-07	685	687	680	683	357300	683
2014-11-06	686	688	675	679	680400	679
2014-11-05	675	689	666	686	776700	686
2014-11-04	697	700	678	679	1349400	679
2014-10-31	665	678	654	677	1208700	677
2014-10-30	639	673	633	661	1251600	661
2014-10-29	628	636	625	632	415300	632
2014-10-28	621	629	618	623	403300	623
2014-10-27	622	625	615	624	390200	624
2014-10-24	614	616	608	614	421100	614
2014-10-23	612	612	602	606	402800	606
2014-10-22	601	613	600	612	439100	612
2014-10-21	602	604	587	591	783900	591
2014-10-20	593	605	588	604	557100	604
2014-10-17	593	596	573	574	705500	574
2014-10-16	598	602	593	595	507800	595
2014-10-15	604	613	602	608	549700	608
2014-10-14	605	619	604	605	628300	605
2014-10-10	626	631	619	622	568200	622
2014-10-09	646	651	630	633	760200	633
2014-10-08	636	645	627	642	626200	642
2014-10-07	648	653	623	643	773700	643
2014-10-06	653	658	650	653	602800	653
2014-10-03	633	649	630	649	756000	649
2014-10-02	648	648	633	634	629200	634
2014-10-01	651	663	648	656	729800	656
2014-09-30	651	654	640	645	513200	645
2014-09-29	650	654	647	653	360400	653
2014-09-26	646	664	643	645	330800	645
2014-09-25	642	654	640	654	424400	654
2014-09-24	635	639	629	638	436900	638
2014-09-22	643	647	637	642	470100	642
2014-09-19	641	650	638	647	488600	647
2014-09-18	635	643	635	640	608100	640
2014-09-17	637	638	627	632	637600	632
2014-09-16	637	640	631	637	633400	637
2014-09-12	634	638	625	637	1089400	637
2014-09-11	640	642	635	638	533800	638
2014-09-10	621	640	620	637	979200	637
2014-09-09	631	633	625	626	558500	626
2014-09-08	640	640	630	631	410500	631
2014-09-05	636	636	602	630	740400	630
2014-09-04	640	640	631	635	340000	635
2014-09-03	654	655	639	642	554100	642
2014-09-02	639	652	636	651	869200	651
2014-09-01	637	639	632	636	445300	636
2014-08-29	646	646	632	637	710100	637
2014-08-28	640	645	637	644	394400	644
2014-08-27	649	649	639	641	380400	641
2014-08-26	653	653	638	644	638700	644
2014-08-25	658	660	649	654	412800	654
2014-08-22	653	657	647	654	584900	654
2014-08-21	643	656	640	654	696700	654
2014-08-20	643	644	638	641	308900	641
2014-08-19	642	644	638	641	336000	641
2014-08-18	634	640	632	637	333000	637
2014-08-15	635	638	632	637	336600	637
2014-08-14	630	636	627	633	560900	633
2014-08-13	626	632	626	630	569100	630
2014-08-12	630	634	624	625	679100	625
2014-08-11	613	629	602	626	865900	626
2014-08-08	607	621	601	603	978900	603
2014-08-07	598	609	595	607	419600	607
2014-08-06	593	601	593	597	459500	597
2014-08-05	616	619	603	603	580400	603
2014-08-04	602	619	600	615	533700	615
2014-08-01	607	612	603	604	649900	604
2014-07-31	627	632	616	617	634500	617
2014-07-30	613	620	610	618	367000	618
2014-07-29	619	620	609	613	711800	613
2014-07-28	615	624	611	622	485900	622
2014-07-25	618	618	611	616	599000	616
2014-07-24	626	629	619	621	452100	621
2014-07-23	624	630	619	622	623000	622
2014-07-22	615	622	612	620	806200	620
2014-07-18	601	611	594	611	732400	611
2014-07-17	608	614	605	611	635300	611
2014-07-16	595	608	593	606	516300	606
2014-07-15	594	601	594	600	529500	600
2014-07-14	592	594	584	594	469100	594
2014-07-11	587	594	584	592	620300	592
2014-07-10	597	599	591	592	635400	592
2014-07-09	595	600	591	593	582600	593
2014-07-08	594	603	587	601	519200	601
2014-07-07	599	600	593	595	363600	595
2014-07-04	596	598	593	596	291100	596
2014-07-03	588	593	585	591	693200	591
2014-07-02	591	593	587	590	968000	590
2014-07-01	591	596	587	594	918500	594
2014-06-30	591	595	586	594	593900	594
2014-06-27	589	590	583	590	1018400	590
2014-06-26	580	591	575	590	1063200	590
2014-06-25	575	578	570	576	677000	576
2014-06-24	568	575	558	572	840700	572
2014-06-23	579	579	567	570	856800	570
2014-06-20	571	580	564	577	1023900	577
2014-06-19	565	576	560	576	927500	576
2014-06-18	564	567	558	565	571700	565
2014-06-17	554	563	553	562	433900	562
2014-06-16	554	557	549	553	372400	553
2014-06-13	552	562	552	560	576800	560
2014-06-12	553	563	552	558	388800	558
2014-06-11	551	563	546	558	505800	558
2014-06-10	550	556	545	546	445100	546
2014-06-09	557	562	550	552	517400	552
2014-06-06	554	563	551	557	844800	557
2014-06-05	546	554	542	549	669800	549
2014-06-04	544	547	538	543	487500	543
2014-06-03	544	550	543	547	752900	547
2014-06-02	532	543	530	541	459500	541
2014-05-30	521	531	520	529	555600	529
2014-05-29	521	526	516	524	344200	524
2014-05-28	520	525	517	524	407000	524
2014-05-27	518	524	518	520	282200	520
2014-05-26	518	523	515	520	305900	520
2014-05-23	515	521	511	517	429400	517
2014-05-22	515	516	508	511	456500	511
2014-05-21	505	510	503	510	306000	510
2014-05-20	515	515	505	505	283000	505
2014-05-19	510	519	508	510	839200	510
2014-05-16	504	507	501	506	626500	506
2014-05-15	509	510	500	509	629400	509
2014-05-14	503	512	499	508	861100	508
2014-05-13	505	509	501	503	891600	503
2014-05-12	501	502	496	500	1002900	500
2014-05-09	522	538	503	508	1344600	508
2014-05-08	540	544	536	541	547400	541
2014-05-07	555	555	538	538	623400	538
2014-05-02	546	555	544	554	404100	554
2014-05-01	544	551	541	551	445500	551
2014-04-30	545	549	540	549	612500	549
2014-04-28	540	544	536	543	370100	543
2014-04-25	548	557	544	547	443500	547
2014-04-24	542	549	538	546	415700	546
2014-04-23	542	548	537	544	508000	544
2014-04-22	536	542	532	536	661100	536
2014-04-21	533	539	528	532	586400	532
2014-04-18	522	537	520	533	760900	533
2014-04-17	530	530	520	522	852200	522
2014-04-16	531	532	523	532	484900	532
2014-04-15	517	529	509	524	965200	524
2014-04-14	512	516	510	511	501100	511
2014-04-11	504	516	503	511	664200	511
2014-04-10	532	534	517	522	563800	522
2014-04-09	536	536	515	520	579300	520
2014-04-08	537	548	537	540	792200	540
2014-04-07	547	550	532	536	465600	536
2014-04-04	547	553	546	551	325400	551
2014-04-03	547	553	543	550	552100	550
2014-04-02	549	554	543	543	656100	543
2014-04-01	551	552	542	544	484600	544
2014-03-31	544	552	530	552	1009900	552
2014-03-28	531	549	521	539	756400	539
2014-03-27	518	530	511	527	630400	527
2014-03-26	530	531	520	523	600200	523
2014-03-25	513	532	512	525	761200	525
2014-03-24	499	522	496	514	797900	514
2014-03-20	511	511	497	498	547700	498
2014-03-19	511	516	506	511	606200	511
2014-03-18	515	526	514	517	512300	517
2014-03-17	510	516	504	505	309200	505
2014-03-14	521	529	516	517	917100	517
2014-03-13	528	536	524	533	403700	533
2014-03-12	538	540	533	534	415900	534
2014-03-11	541	548	538	543	445300	543
2014-03-10	540	544	537	540	376100	540
2014-03-07	538	545	532	544	539000	544
2014-03-06	530	536	526	534	389400	534
2014-03-05	524	529	521	525	295100	525
2014-03-04	509	522	507	518	466500	518
2014-03-03	511	520	505	517	338300	517
2014-02-28	518	522	508	520	594400	520
2014-02-27	526	532	518	520	286000	520
2014-02-26	527	533	525	528	357800	528
2014-02-25	541	541	524	533	657200	533
2014-02-24	536	542	524	535	601600	535
2014-02-21	525	538	525	536	655000	536
2014-02-20	522	523	510	515	617500	515
2014-02-19	516	524	515	522	452600	522
2014-02-18	506	524	505	522	647200	522
2014-02-17	501	505	491	502	450400	502
2014-02-14	517	519	499	501	633400	501
2014-02-13	529	531	513	517	376100	517
2014-02-12	523	532	521	528	440100	528
2014-02-10	523	524	511	517	360000	517
2014-02-07	529	529	514	517	466600	517
2014-02-06	494	511	491	509	598900	509
2014-02-05	493	500	489	497	604600	497
2014-02-04	507	513	490	490	645800	490
2014-02-03	529	530	513	514	339300	514
2014-01-31	527	532	522	529	453000	529
2014-01-30	528	529	518	522	408600	522
2014-01-29	532	543	525	542	383100	542
2014-01-28	523	529	521	522	526900	522
2014-01-27	531	533	522	524	522100	524
2014-01-24	544	546	539	543	527800	543
2014-01-23	559	560	549	551	446100	551
2014-01-22	555	556	545	554	465400	554
2014-01-21	559	561	554	555	385400	555
2014-01-20	565	566	550	553	573800	553
2014-01-17	566	569	561	566	557300	566
2014-01-16	561	569	559	561	568600	561
2014-01-15	554	560	551	556	489900	556
2014-01-14	556	560	542	544	764400	544
2014-01-10	553	563	553	558	815100	558
2014-01-09	569	570	552	559	560800	559
2014-01-08	542	565	542	565	771200	565
2014-01-07	569	574	538	541	1928900	541
2014-01-06	573	578	568	570	751700	570
2013-12-30	570	571	565	569	478000	569
2013-12-27	570	570	563	569	339400	569
2013-12-26	563	568	558	566	345300	566
2013-12-25	568	568	553	559	544400	559
2013-12-24	566	572	564	568	990900	568
2013-12-20	555	565	555	563	779600	563
2013-12-19	559	567	554	562	1118200	562
2013-12-18	553	560	548	550	697700	550
2013-12-17	544	557	543	552	691800	552
2013-12-16	550	553	541	542	462200	542
2013-12-13	540	556	540	547	1355700	547
2013-12-12	548	550	540	545	726000	545
2013-12-11	551	559	547	553	806800	553
2013-12-10	544	552	542	548	732700	548
2013-12-09	546	546	536	539	543400	539
2013-12-06	534	537	529	536	580400	536
2013-12-05	530	543	530	532	675500	532
2013-12-04	528	556	526	538	1342200	538
2013-12-03	527	530	523	524	713300	524
2013-12-02	529	536	522	529	620200	529
2013-11-29	532	534	521	526	591000	526
2013-11-28	535	540	531	535	499200	535
2013-11-27	537	543	535	537	449000	537
2013-11-26	536	548	536	542	699300	542
2013-11-25	543	544	537	541	613800	541
2013-11-22	541	544	534	538	664700	538
2013-11-21	533	545	533	545	568600	545
2013-11-20	544	548	533	536	607900	536
2013-11-19	537	550	537	542	839900	542
2013-11-18	548	548	538	545	881000	545
2013-11-15	549	552	545	546	818500	546
2013-11-14	545	558	542	551	725000	551
2013-11-13	551	556	545	548	366900	548
2013-11-12	545	560	540	551	713300	551
2013-11-11	558	558	544	549	553400	549
2013-11-08	547	553	540	550	500800	550
2013-11-07	554	563	553	556	782000	556
2013-11-06	559	565	550	554	819300	554
2013-11-05	551	571	551	566	1005800	566
2013-11-01	561	565	543	545	885400	545
2013-10-31	518	579	518	567	1923400	567
2013-10-30	521	537	514	529	1919700	529
2013-10-29	514	529	512	520	632400	520
2013-10-28	513	519	508	514	527300	514
2013-10-25	532	532	512	513	593500	513
2013-10-24	513	535	513	535	685700	535
2013-10-23	528	529	512	513	449300	513
2013-10-22	526	534	524	528	277400	528
2013-10-21	523	528	521	524	221600	524
2013-10-18	525	529	516	518	547500	518
2013-10-17	527	533	519	523	603900	523
2013-10-16	524	529	519	521	446600	521
2013-10-15	517	528	515	522	647400	522
2013-10-11	511	525	510	516	1108800	516
2013-10-10	494	513	493	503	1279200	503
2013-10-09	475	492	475	489	995600	489
2013-10-08	479	481	464	473	913400	473
2013-10-07	486	495	482	487	697900	487
2013-10-04	476	490	471	485	643300	485
2013-10-03	489	494	480	481	800700	481
2013-10-02	510	513	493	496	489700	496
2013-10-01	508	517	505	508	429300	508
2013-09-30	524	525	486	511	1335500	511
2013-09-27	541	542	527	532	711800	532
2013-09-26	510	549	507	549	588900	549
2013-09-25	508	512	503	510	851500	510
2013-09-24	506	515	506	514	628900	514
2013-09-20	511	516	505	506	533800	506
2013-09-19	504	514	504	514	418500	514
2013-09-18	505	510	502	504	392600	504
2013-09-17	515	515	501	504	398900	504
2013-09-13	503	518	503	511	1096800	511
2013-09-12	516	525	512	518	354800	518
2013-09-11	520	526	517	520	402300	520
2013-09-10	513	525	513	522	454600	522
2013-09-09	520	520	513	518	740400	518
2013-09-06	507	511	494.5	499.5	637000.0	499.5
2013-09-05	507	512	504	511	419600	511
2013-09-04	514	514	504	508	417500	508
2013-09-03	507	513	506	513	416900	513
2013-09-02	496	506	496	502	361300	502
2013-08-30	511	514	492	494.5	803500.0	494.5
2013-08-29	517	517	506	510	381200	510
2013-08-28	508	517	508	514	530100	514
2013-08-27	517	526	514	521	259700	521
2013-08-26	517	521	511	514	516300	514
2013-08-23	534	534	516	519	852200	519
2013-08-22	516	523	513	520	571100	520
2013-08-21	520	520	509	512	777500	512
2013-08-20	519	528	513	516	1018000	516
2013-08-19	505	523	504	523	374200	523
2013-08-16	504	518	504	510	600900	510
2013-08-15	534	534	512	514	519000	514
2013-08-14	528	534	524	533	444900	533
2013-08-13	515	524	514	524	376900	524
2013-08-12	511	516	504	509	413100	509
2013-08-09	512	523	511	516	586900	516
2013-08-08	521	528	510	512	473200	512
2013-08-07	529	530	520	522	561500	522
2013-08-06	523	530	516	528	490300	528
2013-08-05	519	523	514	521	615000	521
2013-08-02	531	531	512	522	740900	522
2013-08-01	525	525	505	511	819300	511
2013-07-31	527	527	512	514	454900	514
2013-07-30	510	526	508	519	856900	519
2013-07-29	511	519	504	506	996000	506
2013-07-26	512	519	509	510	663900	510
2013-07-25	530	536	519	520	478500	520
2013-07-24	525	533	524	525	683100	525
2013-07-23	531	535	524	527	745100	527
2013-07-22	537	537	517	530	796700	530
2013-07-19	520	548	520	539	2708800	539
2013-07-18	500	518	500	516	1170700	516
2013-07-17	493	497	490	496	488300	496
2013-07-16	491.5	496.5	489.5	492.5	472400.0	492.5
2013-07-12	487.5	495.5	485.5	488.5	761400.0	488.5
2013-07-11	487	490	478.5	482.5	587200.0	482.5
2013-07-10	485	490	478	480.5	598500.0	480.5
2013-07-09	472	481.5	471	480.5	454400.0	480.5
2013-07-08	476	480	466	466	574300	466
2013-07-05	471	474.5	466	469.5	630300.0	469.5
2013-07-04	481	482	469	472	530400	472
2013-07-03	482	488	478	481	1315200	481
2013-07-02	460	468	457	463	1211800	463
2013-07-01	451.5	454.5	444	453.5	1115300.0	453.5
2013-06-28	449	455	443	453	762700	453
2013-06-27	438.5	449.5	435.5	449.5	769500.0	449.5
2013-06-26	456	456	434	437	607800	437
2013-06-25	455	455	440	449	671300	449
2013-06-24	462	462	450	451.5	435300.0	451.5
2013-06-21	453	457	446	455	478500	455
2013-06-20	456.5	459.5	447.5	452.5	451800.0	452.5
2013-06-19	460	462.5	447.5	456.5	790800.0	456.5
2013-06-18	454.5	460.5	454.5	458.5	625600.0	458.5
2013-06-17	436	450	436	450	709200	450
2013-06-14	452.5	458.5	438	441.5	1414900.0	441.5
2013-06-13	456	457.5	444.5	451.5	800800.0	451.5
2013-06-12	445	458.5	441	457.5	514200.0	457.5
2013-06-11	461	465	449	453.5	508200.0	453.5
2013-06-10	458	463	446	456.5	842100.0	456.5
2013-06-07	427.5	430.5	416	425.5	901700.0	425.5
2013-06-06	437	446	433	436	1049500	436
2013-06-05	442	454.5	437.5	437.5	686400.0	437.5
2013-06-04	438.5	442	427	439.5	760700.0	439.5
2013-06-03	438.5	448	435.5	436.5	655900.0	436.5
2013-05-31	435	446	432	438	767800	438
2013-05-30	445	451	433	436	959500	436
2013-05-29	457	458	448	452	764300	452
2013-05-28	446.5	452.5	444.5	448.5	620500.0	448.5
2013-05-27	458	460	441.5	446.5	700900.0	446.5
2013-05-24	468.5	473	445.5	458.5	1430100.0	458.5
2013-05-23	493	497	468	468	1290400	468
2013-05-22	499.5	503	492	497.5	1019900.0	497.5
2013-05-21	502	504	493.5	494.5	714300.0	494.5
2013-05-20	496	504	496	500	866600	500
2013-05-17	482	495	482	491	503800	491
2013-05-16	486.5	489.5	473.5	481.5	1292000.0	481.5
2013-05-15	494	497	485	493.5	851500.0	493.5
2013-05-14	503	503	494	494.5	642900.0	494.5
2013-05-13	496	506	495	500	512900	500
2013-05-10	502	505	492	496.5	891600.0	496.5
2013-05-09	498	512	495	496	877100	496
2013-05-08	506	507	490	490	699800	490
2013-05-07	488	504	488	503	854600	503
2013-05-02	492	494.5	484.5	485.5	435100.0	485.5
2013-05-01	491	496	486	493.5	407700.0	493.5
2013-04-30	484	496	484	490	505300	490
2013-04-26	495	496.5	482.5	483.5	495300.0	483.5
2013-04-25	491.5	496	487	494.5	688200.0	494.5
2013-04-24	478.5	495.5	478	495.5	736000.0	495.5
2013-04-23	474	477	469	473	501300	473
2013-04-22	474	485	471	477.5	657800.0	477.5
2013-04-19	473	474	461	467	457600	467
2013-04-18	475	478	467	469.5	843500.0	469.5
2013-04-17	468	475	464	473	850000	473
2013-04-16	467	469	456	466	733800	466
2013-04-15	471	471	463	467.5	466800.0	467.5
2013-04-12	471.5	474.5	468.5	469.5	1060400.0	469.5
2013-04-11	473.5	474	464.5	467.5	743100.0	467.5
2013-04-10	470	472	457	471	1202600	471
2013-04-09	468	473.5	465	471.5	1096500.0	471.5
2013-04-08	446	463	446	462	934600	462
2013-04-05	449.5	454	441.5	445.5	1072300.0	445.5
2013-04-04	433	444	430	444	856400	444
2013-04-03	430	440	428	439	762100	439
2013-04-02	424	435	415	433	1113300	433
2013-04-01	445.5	445.5	428.5	428.5	853600.0	428.5
2013-03-29	450	450	440	442.5	538900.0	442.5
2013-03-28	447	449.5	440.5	444.5	689100.0	444.5
2013-03-27	442	446	440	444	383400	444
2013-03-26	442	447	441	447	623900	447
2013-03-25	446	448	442	442	642500	442
2013-03-22	451.5	454	442.5	442.5	611200.0	442.5
2013-03-21	443	450.5	440	450.5	881200.0	450.5
2013-03-19	449.5	452.5	441.5	443.5	906200.0	443.5
2013-03-18	444	452	443	448	587400	448
2013-03-15	450	451.5	442	446.5	2099100.0	446.5
2013-03-14	447	449	442	448	595200	448
2013-03-13	455	462	446	447.5	1038300.0	447.5
2013-03-12	470.5	470.5	454	455.5	1228600.0	455.5
2013-03-11	466	472	462	470.5	539700.0	470.5
2013-03-08	460.5	466	458.5	462.5	1321300.0	462.5
2013-03-07	468.5	468.5	458.5	461.5	565000.0	461.5
2013-03-06	464	467	459	467	456900	467
2013-03-05	465	468	459.5	461.5	546200.0	461.5
2013-03-04	460.5	464.5	457	461.5	645500.0	461.5
2013-03-01	463	463	451	456.5	1109700.0	456.5
2013-02-28	458.5	468	458.5	467.5	476900.0	467.5
2013-02-27	460	465.5	453.5	458.5	523300.0	458.5
2013-02-26	453	461	448	455	664900	455
2013-02-25	468	469	458	459	586200	459
2013-02-22	463	464	456	461.5	657900.0	461.5
2013-02-21	467	474	463	465	746600	465
2013-02-20	463.5	466	458	463.5	357100.0	463.5
2013-02-19	459	466	455	459	395000	459
2013-02-18	459	463	457	463	557800	463
2013-02-15	448	454	440	454	1028400	454
2013-02-14	452	454	441.5	446.5	807400.0	446.5
2013-02-13	451.5	462	445	447.5	832500.0	447.5
2013-02-12	442	455	442	451	714900	451
2013-02-08	447	453	439	441	686100	441
2013-02-07	447	452	443	448.5	801200.0	448.5
2013-02-06	438	456	435	451	1168600	451
2013-02-05	432.5	434.5	427	430.5	761900.0	430.5
2013-02-04	437	440	432.5	433.5	725200.0	433.5
2013-02-01	423	435	423	430	1162000	430
2013-01-31	413.5	430	410	429.5	1382500.0	429.5
2013-01-30	416	416	405	413.5	585200.0	413.5
2013-01-29	412	416	406	407	469100	407
2013-01-28	407	414	407	410	640600	410
2013-01-25	396	407	395	405	947400	405
2013-01-24	395	397.5	387.5	391.5	1358300.0	391.5
2013-01-23	395	402.5	393.5	397.5	511300.0	397.5
2013-01-22	403.5	404.5	396.5	399.5	641000.0	399.5
2013-01-21	403	404.5	399	403.5	726700.0	403.5
2013-01-18	399.5	405	398.5	400.5	618100.0	400.5
2013-01-17	390	397	388	396	898100	396
2013-01-16	393	393	385	387.5	792100.0	387.5
2013-01-15	407	407	384	387.5	1721000.0	387.5
2013-01-11	400	406.5	395.5	402.5	1288900.0	402.5
2013-01-10	388	394	386	393	667400	393
2013-01-09	379	388	376	385	1047600	385
2013-01-08	374.5	386	374.5	384.5	1198200.0	384.5
2013-01-07	377	378	370	374.5	829400.0	374.5
2013-01-04	370	374	366.5	372.5	817300.0	372.5
2012-12-28	365	365	356.5	359.5	401500.0	359.5
2012-12-27	359	360	355	359	431600	359
2012-12-26	364	364	352	355	718800	355
2012-12-25	366	366	358	362.5	502800.0	362.5
2012-12-21	357	360	355	359	633500	359
2012-12-20	351.5	358	350.5	354.5	611100.0	354.5
2012-12-19	353.5	354	348	352.5	681800.0	352.5
2012-12-18	348.5	353.5	348.5	351.5	521500.0	351.5
2012-12-17	355	356	348	349	746000	349
2012-12-14	354.5	354.5	349.5	352.5	1128300.0	352.5
2012-12-13	356.5	357.5	353	354.5	569300.0	354.5
2012-12-12	354.5	357	351.5	353.5	357000.0	353.5
2012-12-11	350	353.5	349.5	353.5	238200.0	353.5
2012-12-10	356	357	351	352	264100	352
2012-12-07	351	356	350.5	354.5	405900.0	354.5
2012-12-06	349.5	357.5	349	354.5	737700.0	354.5
2012-12-05	347	348	341	344	691000	344
2012-12-04	352	353.5	347.5	349.5	431700.0	349.5
2012-12-03	354	354	345	349	426800	349
2012-11-30	353	353.5	350.5	350.5	327500.0	350.5
2012-11-29	353.5	354	351	352.5	498300.0	352.5
2012-11-28	352.5	356	350.5	350.5	353000.0	350.5
2012-11-27	358	361	353	354	584500	354
2012-11-26	353	359	352	358	641100	358
2012-11-22	351	353	345	348	502000	348
2012-11-21	354	354	346.5	348.5	473500.0	348.5
2012-11-20	354.5	355	349	351.5	507200.0	351.5
2012-11-19	351.5	355	349.5	350.5	497700.0	350.5
2012-11-16	345	346	342	346	517700	346
2012-11-15	342	345	337	343	727900	343
2012-11-14	339	341.5	338.5	340.5	375300.0	340.5
2012-11-13	338.5	342.5	337	341.5	722300.0	341.5
2012-11-12	344.5	346	341	341.5	561500.0	341.5
2012-11-09	350	352	344	345	1012100	345
2012-11-08	354	359	351	352	493600	352
2012-11-07	363	363	356	356	647500	356
2012-11-06	359	363	359	362	371200	362
2012-11-05	366	366	362	364	325900	364
2012-11-02	357	364.5	355.5	363.5	760000.0	363.5
2012-11-01	362	362	352.5	356.5	825400.0	356.5
2012-10-31	368	371	363	365	880200	365
2012-10-30	376	376	361	361.5	1302300.0	361.5
2012-10-29	378	378	373	377	898900	377
2012-10-26	374.5	377	370	370.5	692100.0	370.5
2012-10-25	373	374	368.5	372.5	493900.0	372.5
2012-10-24	366	373	366	371.5	376900.0	371.5
2012-10-23	366.5	374	366.5	371.5	557800.0	371.5
2012-10-22	364.5	371	364	368.5	521500.0	368.5
2012-10-19	369	371	367.5	367.5	453900.0	367.5
2012-10-18	367.5	369	362.5	368.5	440300.0	368.5
2012-10-17	367.5	367.5	362.5	364.5	504600.0	364.5
2012-10-16	352	364.5	350.5	363.5	474400.0	363.5
2012-10-15	348.5	353.5	348	350.5	416600.0	350.5
2012-10-12	353	354	350	351	478900	351
2012-10-11	351.5	357	348.5	352.5	796200.0	352.5
2012-10-10	361	362	354	354	476600	354
2012-10-09	365.5	371.5	362	363.5	895600.0	363.5
2012-10-05	362.5	367	361	365.5	434600.0	365.5
2012-10-04	362	367	357	367	798100	367
2012-10-03	360	364	359	361	727900	361
2012-10-02	349.5	361.5	349	360.5	926200.0	360.5
2012-10-01	352	352	346	350	385400	350
2012-09-28	356.5	357	350	351.5	643200.0	351.5
2012-09-27	352	358	352	356	413500	356
2012-09-26	349	353	348	352	470000	352
2012-09-25	357	360	352	359	652000	359
2012-09-24	357	359	354	358	312000	358
2012-09-21	349	358	349	356	669000	356
2012-09-20	356	357	350	350	633400	350
2012-09-19	350	359	348	358.5	484500.0	358.5
2012-09-18	349	352.5	347.5	348.5	454200.0	348.5
2012-09-14	353	354	347.5	348.5	501500.0	348.5
2012-09-13	351	352.5	346	350.5	375300.0	350.5
2012-09-12	347.5	354	347	353.5	491600.0	353.5
2012-09-11	341	346	341	346	301000	346
2012-09-10	338	342	335	341	460800	341
2012-09-07	339	344	337	340	544900	340
2012-09-06	334	337	333	335	325600	335
2012-09-05	337	338	332	336	573000	336
2012-09-04	341	344	338	344	732200	344
2012-09-03	346	348.5	342.5	342.5	404000.0	342.5
2012-08-31	348	353	348	350	364000	350
2012-08-30	353	354	348	351.5	374600.0	351.5
2012-08-29	359	359	351	353	651400	353
2012-08-28	350	362.5	349.5	362.5	1409300.0	362.5
2012-08-27	342	348	341	346	441000	346
2012-08-24	346	346	341	345	282000	345
2012-08-23	347	351	346	350	492200	350
2012-08-22	342	346.5	341.5	346.5	375000.0	346.5
2012-08-21	342	345.5	339.5	344.5	332700.0	344.5
2012-08-20	340	344	340	343	290900	343
2012-08-17	341	343	338	343	386500	343
2012-08-16	341	345	339	342	588900	342
2012-08-15	346	346.5	341	342.5	366200.0	342.5
2012-08-14	340.5	350	338.5	349.5	476400.0	349.5
2012-08-13	343.5	345	340.5	342.5	297600.0	342.5
2012-08-10	342.5	345.5	341.5	343.5	356400.0	343.5
2012-08-09	340	345	339	345	300500	345
2012-08-08	343.5	348	340	343.5	585200.0	343.5
2012-08-07	336	342	335	341	350300	341
2012-08-06	337	340	333	336	249400	336
2012-08-03	335.5	336.5	332.5	334.5	489900.0	334.5
2012-08-02	329	337	328	336	603400	336
2012-08-01	328	332	327	331.5	409300.0	331.5
2012-07-31	323	329	323	327	540500	327
2012-07-30	334	337	323	325	1233900	325
2012-07-27	339.5	342	336	336.5	586000.0	336.5
2012-07-26	341	342	331	341	801100	341
2012-07-25	345.5	347	336.5	341.5	694700.0	341.5
2012-07-24	337.5	340.5	334.5	338.5	501800.0	338.5
2012-07-23	340	347	337.5	340.5	484400.0	340.5
2012-07-20	349	350	344	344	366500	344
2012-07-19	353	357	350	351	435900	351
2012-07-18	348.5	355.5	348	353.5	707000.0	353.5
2012-07-17	345	349	343	348	449600	348
2012-07-13	343	353	343	350	762700	350
2012-07-12	345.5	348.5	342.5	342.5	835700.0	342.5
2012-07-11	348	351	346	348	630400	348
2012-07-10	350	355	347	348	1094400	348
2012-07-09	347	357	347	353	576400	353
2012-07-06	359.5	359.5	350	352.5	854200.0	352.5
2012-07-05	362	363	360	360	337500	360
2012-07-04	359	364	358.5	362.5	709400.0	362.5
2012-07-03	358.5	364.5	356.5	358.5	1059700.0	358.5
2012-07-02	354.5	356.5	352	354.5	573100.0	354.5
2012-06-29	345	359	340	358	1502800	358
2012-06-28	345	346.5	340.5	345.5	1191400.0	345.5
2012-06-27	335	340	333	340	1153200	340
2012-06-26	331	337	330	335	1522500	335
2012-06-25	334	335	329	330	634400	330
2012-06-22	329	334	328	333	1220600	333
2012-06-21	323.5	330.5	323.5	328.5	860600.0	328.5
2012-06-20	320	324	320	323	810500	323
2012-06-19	320	325	318	320	701100	320
2012-06-18	321	323	318	321	993600	321
2012-06-15	321	326	313	314	2280900	314
2012-06-14	308.5	314.5	306.5	314.5	1461700.0	314.5
2012-06-13	308.5	310	304	307.5	859800.0	307.5
2012-06-12	303	309	301	308	1275600	308
2012-06-11	301	307	299	306	1008100	306
2012-06-08	300.5	306.5	298	301.5	1870400.0	301.5
2012-06-07	310	310	299	300	1850600	300
2012-06-06	299	307	294	303	1171400	303
2012-06-05	302	307	299	306	661800	306
2012-06-04	311	316	302	303.5	1246200.0	303.5
2012-06-01	315.5	318.5	313.5	315.5	527100.0	315.5
2012-05-31	321.5	324	317	320.5	902100.0	320.5
2012-05-30	328.5	329.5	321.5	324.5	1053200.0	324.5
2012-05-29	320.5	322	316	321.5	496100.0	321.5
2012-05-28	324	324	318	320	421700	320
2012-05-25	330.5	330.5	321	321.5	637400.0	321.5
2012-05-24	325.5	326.5	322	323.5	635000.0	323.5
2012-05-23	321	324	318	323.5	1215800.0	323.5
2012-05-22	319	325	318	319	740600	319
2012-05-21	320	322	317	319	619200	319
2012-05-18	323	328	318.5	320.5	838400.0	320.5
2012-05-17	324	331	324	329	744100	329
2012-05-16	322.5	328.5	320.5	324.5	864700.0	324.5
2012-05-15	321.5	327	320.5	324.5	978100.0	324.5
2012-05-14	331.5	333.5	327.5	328.5	834300.0	328.5
2012-05-11	337	339	332	334	1048700	334
2012-05-10	343.5	346	336	338.5	1721700.0	338.5
2012-05-09	347	348	343	344.5	1091000.0	344.5
2012-05-08	347	347	341	347	992900	347
2012-05-07	341.5	347	341	346.5	1016700.0	346.5
2012-05-02	349	352	345	348	749300	348
2012-05-01	345	347	342	345	741500	345
2012-04-27	353	355	349	349	1051600	349
2012-04-26	351	354	347	348	880800	348
2012-04-25	352	356	342	348	1047900	348
2012-04-24	348	356	348	349	1014700	349
2012-04-23	351.5	353.5	346.5	348.5	715700.0	348.5
2012-04-20	354	356	350	350	844400	350
2012-04-19	358	359	354	356	581000	356
2012-04-18	359	360.5	356.5	360.5	867000.0	360.5
2012-04-17	354	357	352	356	607200	356
2012-04-16	348	353	346	349	590100	349
2012-04-13	348.5	350.5	346.5	348.5	1072900.0	348.5
2012-04-12	342	346	341	346	809400	346
2012-04-11	341	345	340	341	1198000	341
2012-04-10	343.5	348	343.5	346.5	961400.0	346.5
2012-04-09	347	350	345	346.5	943200.0	346.5
2012-04-06	352	354.5	350.5	352.5	581500.0	352.5
2012-04-05	354	358	352	353	793500	353
2012-04-04	360	361.5	355	355.5	688800.0	355.5
2012-04-03	362	363	359	362	639600	362
2012-04-02	365	366	360	363	749300	363
2012-03-30	363.5	367	360.5	364.5	1391300.0	364.5
2012-03-29	355	366	354	363	1333300	363
2012-03-28	360.5	361.5	355.5	357.5	1881300.0	357.5
2012-03-27	374	378	372	378	981700	378
2012-03-26	373	373	369	370	464300	370
2012-03-23	374	374	369	372	616200	372
2012-03-22	366	376	366	374.5	1110000.0	374.5
2012-03-21	365	368	365	366	628700	366
2012-03-19	368	368	363	365	576000	365
2012-03-16	360	366	360	363	1291900	363
2012-03-15	375.5	375.5	358.5	359.5	2312100.0	359.5
2012-03-14	385	387	375	376	1185300	376
2012-03-13	386	388	385	385	759900	385
2012-03-12	383	388	383	386	715800	386
2012-03-09	387	387	380.5	382.5	1055000.0	382.5
2012-03-08	385	385	381	384	487200	384
2012-03-07	377	383	377	381	775500	381
2012-03-06	380	386	379	383	886400	383
2012-03-05	377.5	384.5	377.5	382.5	940600.0	382.5
2012-03-02	380.5	382.5	377	377.5	1278800.0	377.5
2012-03-01	383	385	378	380	888600	380
2012-02-29	382.5	387	379.5	379.5	924200.0	379.5
2012-02-28	385	386	382	385	581200	385
2012-02-27	383	386	380	386	787700	386
2012-02-24	389	389	380.5	383.5	797500.0	383.5
2012-02-23	390.5	391.5	386.5	389.5	718900.0	389.5
2012-02-22	380	390	379	389	1034100	389
2012-02-21	377.5	383	376.5	378.5	848500.0	378.5
2012-02-20	381	381.5	375	375.5	796700.0	375.5
2012-02-17	381	381	375.5	377.5	951600.0	377.5
2012-02-16	380.5	384	378	380.5	764900.0	380.5
2012-02-15	385	385	378	382	1191700	382
2012-02-14	375	389	374	387	1438200	387
2012-02-13	380	381	374	376	932600	376
2012-02-10	389	389	374	377	1586800	377
2012-02-09	404	404	387	389	1552900	389
2012-02-08	396	408	396	403.5	629000.0	403.5
2012-02-07	407	407.5	399	399.5	544400.0	399.5
2012-02-06	399	409.5	397	407.5	1044300.0	407.5
2012-02-03	390	395	388	390	621100	390
2012-02-02	403	404	387	389.5	1046000.0	389.5
2012-02-01	397	402.5	395.5	401.5	450900.0	401.5
2012-01-31	393	396	390	394	420400	394
2012-01-30	391	396	391	394	368500	394
2012-01-27	392	397	391	396	440900	396
2012-01-26	392.5	394	388	391.5	268200.0	391.5
2012-01-25	392	395	388	393	387700	393
2012-01-24	386	392	379	389	665400	389
2012-01-23	382	386	380	383	496800	383
2012-01-20	396	398	382.5	384.5	822600.0	384.5
2012-01-19	399	401.5	394	395.5	650300.0	395.5
2012-01-18	400.5	402.5	397	398.5	558000.0	398.5
2012-01-17	390.5	398	390	397.5	676500.0	397.5
2012-01-16	384	392	382	390	467800	390
2012-01-13	392	393	388	389	423900	389
2012-01-12	391	392	387	388	560200	388
2012-01-11	385.5	390	383.5	388.5	610900.0	388.5
2012-01-10	387.5	391.5	385	385.5	531300.0	385.5
2012-01-06	393	393	380	383	562300	383
2012-01-05	389	393	387	390	447900	390
2012-01-04	396	396	387	390	453300	390
2011-12-30	384.5	387.5	381	385.5	231800.0	385.5
2011-12-29	380	384	377.5	381.5	302900.0	381.5
2011-12-28	381.5	384.5	378.5	383.5	315400.0	383.5
2011-12-27	381.5	387	381	385.5	187500.0	385.5
2011-12-26	390.5	390.5	376	384.5	298200.0	384.5
2011-12-22	388	390	383	386	421300	386
2011-12-21	388	388.5	383	386.5	495600.0	386.5
2011-12-20	387.5	389.5	382.5	387.5	479600.0	387.5
2011-12-19	388	388.5	377	380.5	640400.0	380.5
2011-12-16	379	391	379	381	902300	381
2011-12-15	383	388	377.5	378.5	814600.0	378.5
2011-12-14	390	394	383	383	508100	383
2011-12-13	395	398	388	393	613800	393
2011-12-12	392	397	390	395	990400	395
2011-12-09	380.5	389.5	380	385.5	1004200.0	385.5
2011-12-08	391	402	385.5	387.5	1345200.0	387.5
2011-12-07	377	381	375	380	1055100	380
2011-12-06	373	382	371	376	1575100	376
2011-12-05	377.5	378	368.5	376.5	1554200.0	376.5
2011-12-02	385.5	388	379.5	381.5	1378100.0	381.5
2011-12-01	391	400	389	396	1317700	396
2011-11-30	395	396	389	390.5	758800.0	390.5
2011-11-29	391	391.5	383.5	385.5	569800.0	385.5
2011-11-28	391.5	391.5	382.5	384.5	599100.0	384.5
2011-11-25	393	397	387	390	544700	390
2011-11-24	393	395	390	393	565200	393
2011-11-22	398	402	395	400	590500	400
2011-11-21	404	407.5	397.5	402.5	640700.0	402.5
2011-11-18	406.5	408.5	402	402.5	640100.0	402.5
2011-11-17	410	413	404.5	407.5	561400.0	407.5
2011-11-16	412.5	414.5	407	408.5	979200.0	408.5
2011-11-15	428.5	428.5	410	411.5	1402000.0	411.5
2011-11-14	429.5	433	422	423.5	680900.0	423.5
2011-11-11	435	440	425	428	893700	428
2011-11-10	420	440	419	433	1063200	433
2011-11-09	424	442	424	439.5	828700.0	439.5
2011-11-08	416	443	416	428	1239700	428
2011-11-07	417	426	412	420.5	1265800.0	420.5
2011-11-04	430	432	423	425	2515800	425
2011-11-02	396.5	445	394.5	442.5	4199700.0	442.5
2011-11-01	380.5	396.5	380.5	392.5	1164300.0	392.5
2011-10-31	385	390.5	383	385.5	615300.0	385.5
2011-10-28	386	388	381	383	1333200	383
2011-10-27	390.5	393	379	384.5	1345600.0	384.5
2011-10-26	394.5	394.5	388.5	390.5	914200.0	390.5
2011-10-25	406.5	408.5	393.5	398.5	976300.0	398.5
2011-10-24	406	411	404	405.5	381500.0	405.5
2011-10-21	415	419	405	406	689300	406
2011-10-20	410	421	407	421	737200	421
2011-10-19	405	409	402	409	456700	409
2011-10-18	418	418	402	403.5	777400.0	403.5
2011-10-17	400	422	398	418.5	1495700.0	418.5
2011-10-14	398	400	393.5	396.5	736300.0	396.5
2011-10-13	399	401	392	398	636400	398
2011-10-12	395.5	399.5	394	395.5	434000.0	395.5
2011-10-11	397	401.5	392.5	396.5	705700.0	396.5
2011-10-07	405	405	391	393.5	775900.0	393.5
2011-10-06	399.5	408.5	399.5	405.5	892900.0	405.5
2011-10-05	403	405	396	399	703300	399
2011-10-04	396	401.5	395	400.5	537900.0	400.5
2011-10-03	395	405	394.5	403.5	513100.0	403.5
2011-09-30	410	410	401	405	872300	405
2011-09-29	403.5	412	402.5	410.5	970400.0	410.5
2011-09-28	390	406	388	406	1208100	406
2011-09-27	383	392	382	390.5	766800.0	390.5
2011-09-26	377	380	370	372	682400	372
2011-09-22	396	396	371	374	1765800	374
2011-09-21	384.5	388.5	382	384.5	519400.0	384.5
2011-09-20	390	391	386	388	510800	388
2011-09-16	398	400	394	394.5	863000.0	394.5
2011-09-15	389	397	387	397	1016200	397
2011-09-14	383	390	378	382	517000	382
2011-09-13	390	392	378	381	904600	381
2011-09-12	385	391	385	387	394400	387
2011-09-09	388.5	398	386	393.5	973600.0	393.5
2011-09-08	387	388	380	385	934700	385
2011-09-07	390.5	395.5	381	382.5	1280400.0	382.5
2011-09-06	395	399	389	392	1200900	392
2011-09-05	381	402	380	401	2170800	401
2011-09-02	379	383.5	373.5	382.5	1173300.0	382.5
2011-09-01	381	385	375	385	1547400	385
2011-08-31	376.5	379.5	370.5	378.5	1385800.0	378.5
2011-08-30	366	375.5	366	373.5	1315600.0	373.5
2011-08-29	361	366	357	360	947300	360
2011-08-26	358	366	356	365	1275300	365
2011-08-25	358.5	360	353.5	358.5	1144600.0	358.5
2011-08-24	350.5	357	347	355.5	1200000.0	355.5
2011-08-23	350	355	347	349	1568500	349
2011-08-22	364	365	353	354	895900	354
2011-08-19	362	366	360	364	1002900	364
2011-08-18	369	371.5	365	369.5	903100.0	369.5
2011-08-17	366	368	363	367	1154000	367
2011-08-16	358	366	356	366	1197000	366
2011-08-15	352	358	351	354	891800	354
2011-08-12	344	349	342.5	347.5	1008200.0	347.5
2011-08-11	329.5	341.5	327	339.5	1153300.0	339.5
2011-08-10	336	340	332	339	1137000	339
2011-08-09	330	334	323	331	1427500	331
2011-08-08	341	348	341	342	671900	342
2011-08-05	340	347	336	346	1031300	346
2011-08-04	360	365	341	347.5	1735000.0	347.5
2011-08-03	348	348	344	345	451700	345
2011-08-02	347	354	347	354	569500	354
2011-08-01	340	351	340	349.5	448700.0	349.5
2011-07-29	346	347	338	339	645000	339
2011-07-28	343	344	341	344	477500	344
2011-07-27	350	351	348	349	382600	349
2011-07-26	349	356	347.5	353.5	413700.0	353.5
2011-07-25	354	355	350	352	383300	352
2011-07-22	354.5	358.5	353	354.5	527900.0	354.5
2011-07-21	354	360	352	353.5	775700.0	353.5
2011-07-20	358	365	357	361	778400	361
2011-07-19	348.5	358	348	356.5	830900.0	356.5
2011-07-15	347	351	344	347	608000	347
2011-07-14	345	350	343	348	607900	348
2011-07-13	351	358	347	348.5	866300.0	348.5
2011-07-12	343	358	343	358	1285500	358
2011-07-11	340	345	339	344	475500	344
2011-07-08	344	345	342	344	631900	344
2011-07-07	348	348	344.5	345.5	378800.0	345.5
2011-07-06	342	346	342	346	651200	346
2011-07-05	342	343	338	341.5	696600.0	341.5
2011-07-04	335	341	334	338.5	885800.0	338.5
2011-07-01	331	332	328	331	394200	331
2011-06-30	328	331.5	326.5	331.5	698100.0	331.5
2011-06-29	324	326	320	326	340900	326
2011-06-28	320	324.5	318.5	322.5	372800.0	322.5
2011-06-27	317	320	315	318.5	646700.0	318.5
2011-06-24	318	318	314	316	281800	316
2011-06-23	316	318.5	314.5	316.5	295100.0	316.5
2011-06-22	319	321	317.5	319.5	526300.0	319.5
2011-06-21	312	318	309	318	696800	318
2011-06-20	307	312	307	311	395700	311
2011-06-17	309	309	305	306	795400	306
2011-06-16	304	309	303	305	350300	305
2011-06-15	308.5	309.5	305.5	305.5	319300.0	305.5
2011-06-14	301.5	310.5	301.5	306.5	311500.0	306.5
2011-06-13	299	307	299	305	348200	305
2011-06-10	304	311.5	301	304.5	1042900.0	304.5
2011-06-09	304	305.5	297.3	301.5	827100.0	301.5
2011-06-08	309	309.5	304	306.5	651600.0	306.5
2011-06-07	308	312	307	310	505000	310
2011-06-06	310	312	307	309.5	332400.0	309.5
2011-06-03	312	318	311	312	457700	312
2011-06-02	315	317	310.5	315.5	467400.0	315.5
2011-06-01	318	319	315	319	430800	319
2011-05-31	315	320	311	317	508300	317
2011-05-30	315	317	311	315	352900	315
2011-05-27	317	319	314	318	347000	318
2011-05-26	318	322.5	317.5	319.5	322600.0	319.5
2011-05-25	320	321	316	318	267400	318
2011-05-24	313	322.5	313	318.5	614200.0	318.5
2011-05-23	319	320	313	317	377400	317
2011-05-20	323.5	326.5	322	323.5	325800.0	323.5
2011-05-19	322	330	320	323.5	928000.0	323.5
2011-05-18	316.5	320	313.5	318.5	578700.0	318.5
2011-05-17	312.5	318	312	314.5	529600.0	314.5
2011-05-16	318	318	311	313	649300	313
2011-05-13	323	323	315	321	771100	321
2011-05-12	323	325	315	320	1138200	320
2011-05-11	325	327.5	322.5	325.5	554500.0	325.5
2011-05-10	326	326.5	319	323.5	494900.0	323.5
2011-05-09	326	326	321	322.5	496400.0	322.5
2011-05-06	318	326	316	326	537900	326
2011-05-02	322	325	320.5	324.5	515200.0	324.5
2011-04-28	310	323.5	307.5	323.5	1416600.0	323.5
2011-04-27	300	307	300	307	465100	307
2011-04-26	304.5	304.5	299.9	301.5	728900.0	301.5
2011-04-25	310	311	306.5	307.5	566500.0	307.5
2011-04-22	305	305	302	304	575300	304
2011-04-21	301	305	297	302.5	761800.0	302.5
2011-04-20	301	302.5	296.7	298.3	684700.0	298.3
2011-04-19	298	301.5	294.8	298.7	489400.0	298.7
2011-04-18	302	303	298.2	299.6	748599.9999999999	299.6
2011-04-15	305	306	299.5	304.5	1074100.0	304.5
2011-04-14	301	306.5	298.5	305.5	1068600.0	305.5
2011-04-13	304	312	304	308	991700	308
2011-04-12	305	309	304	307.5	902100.0	307.5
2011-04-11	310	314	308	310	1022200	310
2011-04-08	309	318.5	303.5	316.5	1518800.0	316.5
2011-04-07	309	311	305	309	1112000	309
2011-04-06	305	310	303	308	1561500	308
2011-04-05	302	307.5	298.4	301.5	1859500.0	301.5
2011-04-04	298.6	299.6	291.3	292.8	742400.0	292.8
2011-04-01	294	298	291	293.8	873900.0	293.8
2011-03-31	302	307	292	294	1475500	294
2011-03-30	305	309	299.1	303.5	698800.0	303.5
2011-03-29	308	315	296	299.9	1520900.0000000002	299.9
2011-03-28	292	297	289.4	296.9	1476500.0000000002	296.9
2011-03-25	290	292.2	287.4	289.9	793600.0000000001	289.9
2011-03-24	289	293	284	285	742100	285
2011-03-23	294	295	284	287	1165200	287
2011-03-22	291.9	293	282	289.2	1465900.0	289.2
2011-03-18	257.3	278	257.3	276.8	1457100.0	276.8
2011-03-17	245	253.1	233	253.1	1889100.0	253.1
2011-03-16	231	256	231	244.9	2314800.0	244.9
2011-03-15	280	282.6	238.5	238.5	1239600.0	238.5
2011-03-14	305	314	285	288.5	1453900.0	288.5
2011-03-11	330	337	328	333	1470500	333
2011-03-10	333	335	330	333	851000	333
2011-03-09	327.5	334.5	325.5	332.5	1075900.0	332.5
2011-03-08	320	326	317	324	743200	324
2011-03-07	321.5	321.5	313	314.5	374400.0	314.5
2011-03-04	325	326	319.5	319.5	439000.0	319.5
2011-03-03	324	324	318	323.5	629100.0	323.5
2011-03-02	322	324.5	318	320.5	515400.0	320.5
2011-03-01	325.5	327	321.5	325.5	559200.0	325.5
2011-02-28	319	324	316.5	322.5	621000.0	322.5
2011-02-25	314	317	309	316	528900	316
2011-02-24	314	320	310	312	864300	312
2011-02-23	315	321	312	318	868200	318
2011-02-22	313	316.5	312.5	315.5	516000.0	315.5
2011-02-21	313	318	311	317	522900	317
2011-02-18	313	313	311	312	345000	312
2011-02-17	310	312	310	311	550600	311
2011-02-16	311.5	313.5	310	312.5	609000.0	312.5
2011-02-15	315	315	311	312	556000	312
2011-02-14	312	316	310.5	315.5	620200.0	315.5
2011-02-10	306	312	306	312	563600	312
2011-02-09	308	310	303	307	508300	307
2011-02-08	311	312	304.5	305.5	688700.0	305.5
2011-02-07	310	313	309	310.5	618500.0	310.5
2011-02-04	306	308	302	306	574300	306
2011-02-03	314	314	303	304	794800	304
2011-02-02	310	318	310	317	717400	317
2011-02-01	304	309.5	302.5	309.5	515100.0	309.5
2011-01-31	310	310	303	305	500600	305
2011-01-28	312	315	311	313	343100	313
2011-01-27	314	319.5	312.5	313.5	640100.0	313.5
2011-01-26	318	318	313	316	667900	316
2011-01-25	320	321.5	315.5	320.5	640700.0	320.5
2011-01-24	313.5	318	313	317.5	298500.0	317.5
2011-01-21	316.5	318	313	313.5	837900.0	313.5
2011-01-20	322	324	318.5	321.5	333800.0	321.5
2011-01-19	327	329	319	322	680100	322
2011-01-18	324	325	321	324	361100	324
2011-01-17	326	326	321	324	376900	324
2011-01-14	316.5	326	315.5	324.5	937700.0	324.5
2011-01-13	313	317	312	317	459600	317
2011-01-12	314	316	311	312	817000	312
2011-01-11	318	319	312	318	1123500	318
2011-01-07	325	325	321	323	557800	323
2011-01-06	324	327	322	325	671300	325
2011-01-05	321	324	319	322	638900	322
2011-01-04	314	320	313	319	599600	319
2010-12-30	319	319	313	314	375600	314
2010-12-29	306.5	318.5	306.5	318.5	1080900.0	318.5
2010-12-28	304	307	304	307	345000	307
2010-12-27	304.5	305.5	303	304.5	244000.0	304.5
2010-12-24	309	310	301	303	914400	303
2010-12-22	308	309.5	305	308.5	692400.0	308.5
2010-12-21	306	308	302	306	455900	306
2010-12-20	312	312.5	307.5	308.5	398500.0	308.5
2010-12-17	313	313	307	311	550900	311
2010-12-16	306	314.5	306	313.5	1010600.0	313.5
2010-12-15	304	309.5	302.5	309.5	952300.0	309.5
2010-12-14	298	303	296.6	301.5	568500.0	301.5
2010-12-13	292.7	298.5	291.1	298.1	648499.9999999999	298.1
2010-12-10	297.8	297.9	290	295.3	1130200.0	295.3
2010-12-09	293.5	296.8	293.5	295.4	642600.0000000001	295.4
2010-12-08	295.5	297.9	293	295.2	927300.0	295.2
2010-12-07	294.2	298.4	292.2	296.7	880100.0	296.7
2010-12-06	291	299.4	290	295.6	1109999.9999999998	295.6
2010-12-03	290.6	291.4	287	289.4	509300.00000000006	289.4
2010-12-02	291	291	287	289.6	545799.9999999999	289.6
2010-12-01	283.6	288	280.7	287.4	691900.0000000001	287.4
2010-11-30	287.1	287.1	281.5	281.9	546600.0000000001	281.9
2010-11-29	287.1	290.6	286	286.8	309100.0	286.8
2010-11-26	287.6	290.6	286	288.3	384400.0	288.3
2010-11-25	291.9	291.9	286.4	288.9	465100.00000000006	288.9
2010-11-24	284.3	293.4	281	288.9	1170100.0000000002	288.9
2010-11-22	292.1	292.2	288.8	289.3	856100.0	289.3
2010-11-19	290.2	294.5	287.5	289.9	781200.0000000001	289.9
2010-11-18	282	289.3	278.3	289.3	1304400.0	289.3
2010-11-17	275	281	274	278	653400	278
2010-11-16	283.3	287.4	278.3	278.9	715100.0000000001	278.9
2010-11-15	278.8	282.2	276.2	279.3	467800.0	279.3
2010-11-12	272.8	283.2	272.8	278.8	967400.0	278.8
2010-11-11	273.7	276.4	272.3	275.8	771500.0	275.8
2010-11-10	272.5	277.1	272	274.2	840300.0	274.2
2010-11-09	275.2	280.5	272.4	274.2	731700.0	274.2
2010-11-08	276.8	278.3	272.7	274.5	801500.0	274.5
2010-11-05	277.6	293.9	277.4	278.8	1560000.0	278.8
2010-11-04	266.5	277.9	266.2	276.6	1307099.9999999998	276.6
2010-11-02	267.4	267.9	264.6	267.3	780900.0	267.3
2010-11-01	262	266	262	264	686000	264
2010-10-29	261.6	266.7	259.4	266.2	862800.0	266.2
2010-10-28	264.1	264.5	259.2	260.5	864700.0	260.5
2010-10-27	260.6	265.4	258.2	262.6	725899.9999999999	262.6
2010-10-26	257.2	261.5	256.2	258.5	383700.0	258.5
2010-10-25	266.3	266.7	258.8	259.3	438000.0	259.3
2010-10-22	261.9	264.7	260.5	262.7	593100.0	262.7
2010-10-21	261	262.7	259.1	260.7	466700.0	260.7
2010-10-20	258	260.9	253.6	258.7	498300.0	258.7
2010-10-19	259.9	265.5	259.5	262.1	564299.9999999999	262.1
2010-10-18	259.4	264.9	259.1	261.3	723700.0	261.3
2010-10-15	265.1	266.1	260	261.7	599400.0	261.7
2010-10-14	262.7	268.5	262.2	264.2	1189000.0	264.2
2010-10-13	257.1	261.3	255	259.9	970300.0000000001	259.9
2010-10-12	266.1	266.7	255.1	256.3	576000.0	256.3
2010-10-08	267	270.8	264.7	264.7	965800.0	264.7
2010-10-07	276.1	278	266.8	267.4	1547300.0000000002	267.4
2010-10-06	255	267.6	253.4	266.1	1388799.9999999998	266.1
2010-10-05	254.1	263.8	248.5	259.8	2511900.0	259.8
2010-10-04	272.4	273.8	256.3	257.9	2539500.0000000005	257.9
2010-10-01	279	279	270	271	1163300	271
2010-09-30	281.3	285.6	275.7	275.8	1120400.0	275.8
2010-09-29	283.2	286	278.1	280.5	1547600.0	280.5
2010-09-28	290.8	292.1	282.8	283.2	1135000.0	283.2
2010-09-27	300	300.5	290.8	294.4	1301500.0000000002	294.4
2010-09-24	305	307	300	301	864300	301
2010-09-22	307	311	307	309.5	378200.0	309.5
2010-09-21	306	310	305	308	432400	308
2010-09-17	310.5	310.5	303	305.5	636900.0	305.5
2010-09-16	315	316.5	308.5	310.5	387500.0	310.5
2010-09-15	306	317	306	314	760700	314
2010-09-14	312.5	316	306.5	309.5	732700.0	309.5
2010-09-13	313	314	312	313	317800	313
2010-09-10	314	314	310	312	577700	312
2010-09-09	310.5	311.5	305.5	310.5	525500.0	310.5
2010-09-08	313	313	306	310	371100	310
2010-09-07	312	312	308	311	474700	311
2010-09-06	314	315	309	312	568300	312
2010-09-03	307.5	313.5	305	312.5	606500.0	312.5
2010-09-02	306.5	306.5	302.5	305.5	346900.0	305.5
2010-09-01	297.7	302.5	296.8	301.5	362300.0	301.5
2010-08-31	304	304	295.3	295.8	469000.0	295.8
2010-08-30	307	309	304	305	343600	305
2010-08-27	301	304	297	304	344600	304
2010-08-26	306	306.5	300	301.5	442300.0	301.5
2010-08-25	303.5	306.5	300.5	306.5	414400.0	306.5
2010-08-24	305	305	300	302	436700	302
2010-08-23	297	310	297	306	1366500	306
2010-08-20	300.5	301	296.9	297.3	369300.0	297.3
2010-08-19	299	303	298	302	387900	302
2010-08-18	302.5	302.5	295.7	297.5	464700.0	297.5
2010-08-17	301.5	301.5	296	300.5	401400.0	300.5
2010-08-16	298	302	297	301	368800	301
2010-08-13	295.4	302	295	299.5	526400.0	299.5
2010-08-12	294.8	295.6	292.9	294.5	371100.0	294.5
2010-08-11	299.5	299.5	292	296.1	535699.9999999999	296.1
2010-08-10	305	305	301.5	301.5	380200.0	301.5
2010-08-09	300.5	305.5	299.8	304.5	348700.0	304.5
2010-08-06	301	303	297	303	357900	303
2010-08-05	302	305	300	303	551600	303
2010-08-04	303.5	305	300.5	301.5	407000.0	301.5
2010-08-03	307	309	304	305	319100	305
2010-08-02	304	308	303	304	321500	304
2010-07-30	310	311	302.5	305.5	525600.0	305.5
2010-07-29	311	313.5	309	309.5	345600.0	309.5
2010-07-28	312.5	315.5	310	314.5	378400.0	314.5
2010-07-27	307	311	305	311	628400	311
2010-07-26	306	308	304	306	270700	306
2010-07-23	304	306	302	304	489000	304
2010-07-22	300.5	303.5	300	300.5	317400.0	300.5
2010-07-21	304	309	302	303	552100	303
2010-07-20	298	304	297	302	398100	302
2010-07-16	305	307.5	302	302.5	414300.0	302.5
2010-07-15	307	309	306	307	436900	307
2010-07-14	311.5	311.5	307.5	309.5	395600.0	309.5
2010-07-13	308	310	306	307	388300	307
2010-07-12	310	311	304.5	304.5	494000.0	304.5
2010-07-09	316	316	312	313	426300	313
2010-07-08	315	315	311	313.5	457800.0	313.5
2010-07-07	308	310	304	309	671800	309
2010-07-06	304	307.5	301	306.5	483200.0	306.5
2010-07-05	303	307	301	306	439700	306
2010-07-02	304	308	302	303	1179500	303
2010-07-01	314.5	316	306	308.5	704300.0	308.5
2010-06-30	320	321	316	318	495200	318
2010-06-29	323	326	320	323	457700	323
2010-06-28	323	326	321	324	527200	324
2010-06-25	329	331	326	328	394800	328
2010-06-24	330	333	329	329	317800	329
2010-06-23	331	335	327.5	332.5	707000.0	332.5
2010-06-22	334	336	332.5	335.5	342500.0	335.5
2010-06-21	330	334	328	334	394600	334
2010-06-18	327.5	330.5	326	328.5	590700.0	328.5
2010-06-17	326.5	333	325.5	329.5	880900.0	329.5
2010-06-16	322	325	315	325	1462200	325
2010-06-15	328	328	314	321.5	1492400.0	321.5
2010-06-14	333	333.5	324	326.5	1179200.0	326.5
2010-06-11	334	335.5	328.5	329.5	1557400.0	329.5
2010-06-10	335	338	329	333	1271400	333
2010-06-09	326.5	338.5	324	333.5	2044500.0	333.5
2010-06-08	313	320.5	310.5	319.5	1081100.0	319.5
2010-06-07	324.5	324.5	313	315.5	774700.0	315.5
2010-06-04	328.5	329.5	326	326.5	412400.0	326.5
2010-06-03	324	328	321.5	326.5	462100.0	326.5
2010-06-02	321	327	321	322	486400	322
2010-06-01	327	329	325	326	396000	326
2010-05-31	323.5	329	322	325.5	687200.0	325.5
2010-05-28	318	324.5	316.5	322.5	901700.0	322.5
2010-05-27	310	316	309	315	905900	315
2010-05-26	310	316	309	313	993600	313
2010-05-25	324.5	324.5	313	313.5	608200.0	313.5
2010-05-24	325	328	322	324.5	710300.0	324.5
2010-05-21	327	329	322	325	1037600	325
2010-05-20	335	338.5	333	334.5	580200.0	334.5
2010-05-19	334	343	332	339.5	1527000.0	339.5
2010-05-18	336	341	332	334	961700	334
2010-05-17	344	346	335	337	1827800	337
2010-05-14	341	350	340	344	1743000	344
2010-05-13	353	357	342	345.5	2760300.0	345.5
2010-05-12	359	365	358	360	788200	360
2010-05-11	365	367	357.5	360.5	1059400.0	360.5
2010-05-10	351	364	351	361	1274200	361
2010-05-07	361.5	362	355.5	358.5	1359400.0	358.5
2010-05-06	367	371.5	365	368.5	1400800.0	368.5
2010-04-30	380	384	377	378.5	2110200.0	378.5
2010-04-28	376	378	366	372	1208200	372
2010-04-27	384	386	376	380	1093000	380
2010-04-26	392	393	388	391	1222600	391
2010-04-23	386.5	388.5	385	387.5	1513500.0	387.5
2010-04-22	385	386.5	382	384.5	1946700.0	384.5
2010-04-21	380	386	380	383	1963600	383
2010-04-20	378	379.5	374	374.5	552800.0	374.5
2010-04-19	378	380	370	372	1434000	372
2010-04-16	382	383	377	379	1086800	379
2010-04-15	386	388	381	383	986100	383
2010-04-14	385	388	384	386	1188900	386
2010-04-13	388	388	383	387	708900	387
2010-04-12	387	389	387	388	502200	388
2010-04-09	385.5	389	385.5	387.5	747300.0	387.5
2010-04-08	393	393	386	388	1296500	388
2010-04-07	397	405	397	399	674600	399
2010-04-06	394	398	393	397	512500	397
2010-04-05	402	405	391	393.5	1319600.0	393.5
2010-04-02	412	412	404.5	406.5	490500.0	406.5
2010-04-01	404	406	401	406	798300	406
2010-03-31	407	410	401	402	1082800	402
2010-03-30	411.5	412.5	407	411.5	817100.0	411.5
2010-03-29	407	417	402	415	830800	415
2010-03-26	410	413.5	405.5	412.5	879900.0	412.5
2010-03-25	418	418	407	409	603400	409
2010-03-24	412.5	420	411	418.5	606200.0	418.5
2010-03-23	409.5	414.5	408	410.5	890100.0	410.5
2010-03-19	414	414.5	410	412.5	740700.0	412.5
2010-03-18	413.5	418	406.5	410.5	1062300.0	410.5
2010-03-17	414	422	413	420	530000	420
2010-03-16	413.5	413.5	409.5	410.5	172200.0	410.5
2010-03-15	414	414	409	412	387100	412
2010-03-12	410	413	404	411	1096000	411
2010-03-11	399.5	408	398.5	407.5	431300.0	407.5
2010-03-10	401.5	404	399	401.5	682100.0	401.5
2010-03-09	401	404	399	399.5	476700.0	399.5
2010-03-08	401	405	399	403	393600	403
2010-03-05	395	403	393	399	433600	399
2010-03-04	393	396	390	394	360000	394
2010-03-03	391	393	390	393	387900	393
2010-03-02	392.5	395	391	394.5	241000.0	394.5
2010-03-01	390.5	396.5	390	394.5	334300.0	394.5
2010-02-26	393	395	389	394	414700	394
2010-02-25	391	392	387	391	599400	391
2010-02-24	386	392	384	390	473400	390
2010-02-23	386	392	385	388	396600	388
2010-02-22	387	389	382	384	339900	384
2010-02-19	388	388	380.5	380.5	400100.0	380.5
2010-02-18	387.5	387.5	384.5	385.5	377300.0	385.5
2010-02-17	391	393	384	387	564200	387
2010-02-16	384	389	381	388	558200	388
2010-02-15	389	390	382	384.5	288600.0	384.5
2010-02-12	387.5	391	385	388.5	529300.0	388.5
2010-02-10	378.5	384.5	375.5	378.5	507800.0	378.5
2010-02-09	381	385	372.5	380.5	359300.0	380.5
2010-02-08	388	391	382	383	404300	383
2010-02-05	396	397	388	389	348400	389
2010-02-04	400	400	394	399	379300	399
2010-02-03	390	403.5	389.5	397.5	491700.0	397.5
2010-02-02	385	395	384	392	337900	392
2010-02-01	381	390	381	387	360600	387
2010-01-29	384.5	389	384.5	386.5	421900.0	386.5
2010-01-28	387	394	383.5	391.5	588200.0	391.5
2010-01-27	385	391	385	385	379000	385
2010-01-26	396.5	397.5	388	388.5	486300.0	388.5
2010-01-25	404.5	405	396.5	396.5	482100.0	396.5
2010-01-22	400	402	399	401	540400	401
2010-01-21	398	406	394	403	597100	403
2010-01-20	401	406	395	398	467200	398
2010-01-19	392	404	390	400	730000	400
2010-01-18	390.5	396.5	388	388.5	583500.0	388.5
2010-01-15	381	388.5	380.5	387.5	674700.0	387.5
2010-01-14	386	391	382	388	660500	388
2010-01-13	388	394	385	387	996600	387
2010-01-12	374	378	373	376	532900	376
2010-01-08	369	373	366	373	633400	373
2010-01-07	374	374	367	368.5	421900.0	368.5
2010-01-06	374	374	368	372	305000	372
2010-01-05	368	373.5	368	371.5	317200.0	371.5
2010-01-04	372	372	367	370	168600	370
2009-12-30	376	376	367	370	395300	370
2009-12-29	372	375	370	374	280000	374
2009-12-28	373	376	370.5	373.5	307800.0	373.5
2009-12-25	370	374	369	373	395700	373
2009-12-24	365	374	364	369	758600	369
2009-12-22	363.5	366	359	364.5	911400.0	364.5
2009-12-21	367	371.5	366	367.5	566500.0	367.5
2009-12-18	362.5	370.5	362.5	368.5	447500.0	368.5
2009-12-17	370	372	365.5	365.5	480400.0	365.5
2009-12-16	371.5	377.5	371	372.5	507300.0	372.5
2009-12-15	374	374	370	371.5	399400.0	371.5
2009-12-14	376	379	371	374	449500	374
2009-12-11	375.5	382	373	376.5	1075000.0	376.5
2009-12-10	380	386	372	377.5	588900.0	377.5
2009-12-09	388.5	393	385.5	387.5	589300.0	387.5
2009-12-08	403	406	393	395	754000	395
2009-12-07	391	399	387	399	849100	399
2009-12-04	394	394.5	385.5	389.5	651400.0	389.5
2009-12-03	396	399	393	398	631200	398
2009-12-02	400	400	394	395.5	407700.0	395.5
2009-12-01	390	398	385	398	578900	398
2009-11-30	376	391	374	389.5	817000.0	389.5
2009-11-27	389	393	383	384	637400	384
2009-11-26	385	394.5	383	393.5	538200.0	393.5
2009-11-25	398	398	384	387	945300	387
2009-11-24	402	403	394	398	529000	398
2009-11-20	397	404	396	403.5	387800.0	403.5
2009-11-19	401	404	393	401	574200	401
2009-11-18	396	404	391	401	581800	401
2009-11-17	400	400	388	392	747900	392
2009-11-16	405	405	397	398	642000	398
2009-11-13	387.5	406.5	385.5	401.5	1007000.0	401.5
2009-11-12	391	394	384	387	1182300	387
2009-11-11	407.5	410	404.5	407.5	309300.0	407.5
2009-11-10	408	414	405	407	431700	407
2009-11-09	405.5	410.5	399	407.5	382200.0	407.5
2009-11-06	410	411.5	400.5	403.5	733100.0	403.5
2009-11-05	419	419	406	410	656900	410
2009-11-04	420	422	416	419	587600	419
2009-11-02	421	424	409	420	563400	420
2009-10-30	421	421	407.5	417.5	703800.0	417.5
2009-10-29	424	425	414	417	837900	417
2009-10-28	421	426.5	418.5	424.5	853900.0	424.5
2009-10-27	413	417	411	415	489500	415
2009-10-26	420	422	414	417	423500	417
2009-10-23	421	424	416	416.5	600800.0	416.5
2009-10-22	412	414	408	413	334200	413
2009-10-21	412	415	407	414	537700	414
2009-10-20	420	420	413	416	302100	416
2009-10-19	407.5	419	402.5	415.5	623500.0	415.5
2009-10-16	406	408	401	405	493200	405
2009-10-15	400	408	399	405	517200	405
2009-10-14	406	417	398.5	400.5	1024700.0	400.5
2009-10-13	415	417	403	410	1045400	410
2009-10-09	406.5	422	402	417.5	1264700.0	417.5
2009-10-08	408	408	398	402.5	724700.0	402.5
2009-10-07	395	422	393	405	1471100	405
2009-10-06	394.5	397	388.5	392.5	977300.0	392.5
2009-10-05	400	401.5	390.5	394.5	628500.0	394.5
2009-10-02	403	404	396	400	1123900	400
2009-10-01	410	410	403	407	845700	407
2009-09-30	408.5	414	405	412.5	680400.0	412.5
2009-09-29	418.5	420	408.5	412.5	972200.0	412.5
2009-09-28	415.5	419.5	412	418.5	732700.0	418.5
2009-09-25	420	420	407.5	411.5	698800.0	411.5
2009-09-24	424	424	417	422	761600	422
2009-09-18	414.5	420	410	417.5	613900.0	417.5
2009-09-17	403.5	418.5	397.5	416.5	1150800.0	416.5
2009-09-16	401	401.5	390	393.5	820500.0	393.5
2009-09-15	410	410	397	402	509100	402
2009-09-14	408	412	403.5	409.5	489700.0	409.5
2009-09-11	415	417	408	413	1535800	413
2009-09-10	396	409	392	407	850800	407
2009-09-09	387.5	393.5	386	392.5	570800.0	392.5
2009-09-08	382.5	384.5	378.5	383.5	471800.0	383.5
2009-09-07	382.5	384.5	378	380.5	383800.0	380.5
2009-09-04	377	383	374.5	380.5	805100.0	380.5
2009-09-03	374.5	376	373.5	374.5	334300.0	374.5
2009-09-02	376.5	376.5	368	373.5	457600.0	373.5
2009-09-01	376.5	378.5	374.5	376.5	349000.0	376.5
2009-08-31	372	379.5	371.5	376.5	576000.0	376.5
2009-08-28	365	374	364	371	656500	371
2009-08-27	364	365	362	365	365400	365
2009-08-26	363	365	360	364	320400	364
2009-08-25	364	364	360	360	323400	360
2009-08-24	359	364	358	360	422900	360
2009-08-21	353	355.5	351	354.5	401100.0	354.5
2009-08-20	353	357	352	355.5	323900.0	355.5
2009-08-19	357	357	353	354	411500	354
2009-08-18	355	357	351	357	430400	357
2009-08-17	360	364	355	355	363800	355
2009-08-14	364.5	367	360	363.5	418700.0	363.5
2009-08-13	362	362.5	359	361.5	443100.0	361.5
2009-08-12	360	365	358.5	360.5	469100.0	360.5
2009-08-11	354	367	354	366.5	549400.0	366.5
2009-08-10	358.5	358.5	353.5	356.5	214600.0	356.5
2009-08-07	355	359	352.5	358.5	345000.0	358.5
2009-08-06	358.5	364	355	356.5	464000.0	356.5
2009-08-05	353	362.5	353	356.5	449200.0	356.5
2009-08-04	350.5	354.5	350.5	354.5	392900.0	354.5
2009-08-03	356	356	351	353	256900	353
2009-07-31	358	359	354	355	352500	355
2009-07-30	357	357	352	355	396700	355
2009-07-29	355	357	351.5	354.5	241400.0	354.5
2009-07-28	354	358	352	354	239800	354
2009-07-27	356.5	357	351	352.5	316400.0	352.5
2009-07-24	357.5	357.5	349.5	352.5	398900.0	352.5
2009-07-23	355	356	349	349.5	385600.0	349.5
2009-07-22	355	357.5	346.5	354.5	572500.0	354.5
2009-07-21	352	357.5	350.5	356.5	680100.0	356.5
2009-07-17	340	345	338	342	507200	342
2009-07-16	342	345.5	340	340.5	604500.0	340.5
2009-07-15	340	348	340	341	495700	341
2009-07-14	340.5	343	335	339.5	786400.0	339.5
2009-07-13	341	348.5	340.5	341.5	542700.0	341.5
2009-07-10	361	361	350	350	746500	350
2009-07-09	360	361.5	355	357.5	524900.0	357.5
2009-07-08	365	367	361	362	570800	362
2009-07-07	360	369.5	360	365.5	797700.0	365.5
2009-07-06	358	362	355	360	484200	360
2009-07-03	359.5	359.5	354	357.5	536900.0	357.5
2009-07-02	363	363	358.5	359.5	462300.0	359.5
2009-07-01	364	366	359	362	732800	362
2009-06-30	368	370	365	368	589000	368
2009-06-29	367	368	361	364.5	494600.0	364.5
2009-06-26	364.5	366	362	364.5	473400.0	364.5
2009-06-25	364	366	361	363	561400	363
2009-06-24	358	363	358	360.5	569800.0	360.5
2009-06-23	358.5	364	358.5	361.5	743100.0	361.5
2009-06-22	366	368.5	361	362.5	997600.0	362.5
2009-06-19	369	370	364.5	367.5	995600.0	367.5
2009-06-18	351	363	351	361	658200	361
2009-06-17	359	362	358	359	601500	359
2009-06-16	368	369	359	361	1076900	361
2009-06-15	375	375	369	372	732500	372
2009-06-12	369	373	364	371	1381100	371
2009-06-11	369	372	365	370	858500	370
2009-06-10	363.5	376	362	373.5	794400.0	373.5
2009-06-09	365	366	361	363	794300	363
2009-06-08	370	371	363	366	884200	366
2009-06-05	373.5	373.5	368	370.5	720800.0	370.5
2009-06-04	373	377	370	373	645300	373
2009-06-03	375	379	371	377	657900	377
2009-06-02	383.5	383.5	376	377.5	740400.0	377.5
2009-06-01	380	383	379	382	1211700	382
2009-05-29	370	376.5	368	376.5	584600.0	376.5
2009-05-28	372	378	371	375	465400	375
2009-05-27	379	380	375.5	376.5	468000.0	376.5
2009-05-26	372	377	370	376	539000	376
2009-05-25	365	373	363	368	545200	368
2009-05-22	362.5	370	362.5	368.5	323700.0	368.5
2009-05-21	369	369	362	368	340200	368
2009-05-20	366	373	365	368	376800	368
2009-05-19	369	373	366	370	719700	370
2009-05-18	367	367.5	361.5	361.5	495700.0	361.5
2009-05-15	367	370	365	368	451200	368
2009-05-14	370	371	362	369	1131800	369
2009-05-13	374.5	380	372.5	378.5	461100.0	378.5
2009-05-12	371	376	371	374	863400	374
2009-05-11	365	368	364	366	640100	366
2009-05-08	354	363	353	361	676500	361
2009-05-07	360	360	353	353	630500	353
2009-05-01	352.5	355.5	347	352.5	532800.0	352.5
2009-04-30	354	360	351	353	1131900	353
2009-04-28	357	362	349.5	350.5	1030500.0	350.5
2009-04-27	364	365.5	356	359.5	358500.0	359.5
2009-04-24	366	366	359	360	511200	360
2009-04-23	354	365	349	362	1026900	362
2009-04-22	357	357	350	353.5	828700.0	353.5
2009-04-21	358	358	348	353	1058400	353
2009-04-20	366	366	359	360	646600	360
2009-04-17	361	365	358	362	1004700	362
2009-04-16	371.5	373	365	365.5	565000.0	365.5
2009-04-15	368	372	366	370	665000	370
2009-04-14	371	373	366	368	621100	368
2009-04-13	373	377.5	372	372.5	421500.0	372.5
2009-04-10	380	381	373	377	507000	377
2009-04-09	375	379.5	372	376.5	827200.0	376.5
2009-04-08	377	378	372	374	1065000	374
2009-04-07	381	384.5	377	379.5	559600.0	379.5
2009-04-06	382.5	385.5	376.5	380.5	702800.0	380.5
2009-04-03	393	393	380	382	621000	382
2009-04-02	391.5	393.5	384	389.5	622300.0	389.5
2009-04-01	380	389.5	378.5	385.5	654200.0	385.5
2009-03-31	385	388	374	379	730600	379
2009-03-30	397	400	380	381	920300	381
2009-03-27	389	398.5	385.5	393.5	969400.0	393.5
2009-03-26	373.5	385	373.5	384.5	654000.0	384.5
2009-03-25	380	388	373	386	887300	386
2009-03-24	385	386	373	378	1116000	378
2009-03-23	375	382	371	382	612600	382
2009-03-19	370	373	362	369	931900	369
2009-03-18	374	374.5	368	369.5	553900.0	369.5
2009-03-17	376.5	378	370	375.5	1364800.0	375.5
2009-03-16	374.5	387.5	374.5	384.5	916000.0	384.5
2009-03-13	373.5	377.5	368.5	375.5	1025400.0	375.5
2009-03-12	375	378	364	367	879800	367
2009-03-11	382	389	380	380	656400	380
2009-03-10	384	387	378	381	608700	381
2009-03-09	392	395	382	388	679300	388
2009-03-06	391	401	389	396	634900	396
2009-03-05	397	401	390	399	866400	399
2009-03-04	384	394	381	393	946400	393
2009-03-03	392	393	380	388.5	466800.0	388.5
2009-03-02	382	393.5	376	393.5	567000.0	393.5
2009-02-27	380	390	377	386	508500	386
2009-02-26	380.5	384.5	375	378.5	643100.0	378.5
2009-02-25	391	391	373	380	710500	380
2009-02-24	372.5	388	370	381.5	940400.0	381.5
2009-02-23	375	382	369	375	578100	375
2009-02-20	386	388	374	379	592000	379
2009-02-19	389	396.5	385	385.5	598600.0	385.5
2009-02-18	389	391.5	385.5	389.5	604300.0	389.5
2009-02-17	384.5	391	384.5	388.5	289100.0	388.5
2009-02-16	389	398	382.5	388.5	613400.0	388.5
2009-02-13	369	389	367	388.5	957300.0	388.5
2009-02-12	363	373	360	369	779800	369
2009-02-10	353	373	353	370	1025400	370
2009-02-09	369	375	356.5	356.5	979600.0	356.5
2009-02-06	376	378	368	373	727500	373
2009-02-05	383.5	385	375.5	375.5	764700.0	375.5
2009-02-04	379	388.5	377	387.5	1068600.0	387.5
2009-02-03	373	384	368	368.5	1056300.0	368.5
2009-02-02	379	379	369	371.5	1012200.0	371.5
2009-01-30	361.5	382	358.5	380.5	1344000.0	380.5
2009-01-29	371	374	364	371	873000	371
2009-01-28	369	378	364.5	375.5	1041500.0	375.5
2009-01-27	369.5	374.5	367.5	370.5	655100.0	370.5
2009-01-26	376	378	367	369	488300	369
2009-01-23	374.5	378.5	369.5	372.5	710800.0	372.5
2009-01-22	380	380	362	373	838300	373
2009-01-21	371.5	391	368.5	383.5	915100.0	383.5
2009-01-20	364	369.5	360	367.5	414900.0	367.5
2009-01-19	371	374.5	368	370.5	315100.0	370.5
2009-01-16	367	370	358	368	851300	368
2009-01-15	361	379	357.5	375.5	869000.0	375.5
2009-01-14	371	371	359	366	1093800	366
2009-01-13	376	379.5	371	373.5	663200.0	373.5
2009-01-09	395	399	386	393	738800	393
2009-01-08	386	405	386	394.5	1021700.0	394.5
2009-01-07	420	420	404	406	603400	406
2009-01-06	417	417.5	409	412.5	436100.0	412.5
2009-01-05	434	435	408	413	555600	413
2008-12-30	433.5	440	433.5	433.5	411500.0	433.5
2008-12-29	414	435	414	433	1998200	433
2008-12-26	396.5	413.5	396.5	413.5	741600.0	413.5
2008-12-25	384	395.5	381.5	395.5	731100.0	395.5
2008-12-24	383	387	376	380	531000	380
2008-12-22	377	383	373	383	563500	383
2008-12-19	388	390	376	381	668000	381
2008-12-18	385.5	391	380.5	387.5	846900.0	387.5
2008-12-17	391	394.5	368	377.5	1030800.0	377.5
2008-12-16	377	398.5	376.5	392.5	825100.0	392.5
2008-12-15	382	387	380	381	478800	381
2008-12-12	368	383	366	375	1143800	375
2008-12-11	384	385	371	380	948900	380
2008-12-10	382	389	375	382	1351000	382
2008-12-09	389	399	386	398	1097500	398
2008-12-08	381	399.5	378	389.5	747100.0	389.5
2008-12-05	375.5	385	365.5	379.5	1542800.0	379.5
2008-12-04	384	384	371.5	383.5	2304900.0	383.5
2008-12-03	338	345	333	344	676100	344
2008-12-02	334	351	333	342	1186000	342
2008-12-01	359	362	352	354	546000	354
2008-11-28	358	364	356	362	801300	362
2008-11-27	363	365	350	355	1059800	355
2008-11-26	355	361	352	358	1334600	358
2008-11-25	365	369	353.5	367.5	1263900.0	367.5
2008-11-21	337.5	356	327	352.5	1473600.0	352.5
2008-11-20	349	358	342.5	346.5	914200.0	346.5
2008-11-19	351	361	349	361	911600	361
2008-11-18	340	359	340	343	689900	343
2008-11-17	345	358	334	347	532100	347
2008-11-14	353	368	340	350	1234600	350
2008-11-13	326	364	326	357	1705300	357
2008-11-12	347	362	342	358.5	677600.0	358.5
2008-11-11	366	366	345	346.5	933300.0	346.5
2008-11-10	371.5	374.5	345	366.5	1283300.0	366.5
2008-11-07	337.5	364.5	320.5	351.5	1799100.0	351.5
2008-11-06	364	372	352.5	357.5	1000500.0	357.5
2008-11-05	367	374	353	372	1428300	372
2008-11-04	356	370	351	367.5	1367400.0	367.5
2008-10-31	342	368	324	364	3126600	364
2008-10-30	322.5	342.5	317	342.5	1313400.0	342.5
2008-10-29	286	302.5	286	302.5	1663700.0	302.5
2008-10-28	266.2	274	244.4	272.2	1858600.0	272.2
2008-10-27	296	306.5	263	266.1	1631999.9999999998	266.1
2008-10-24	318	324	300	303	932300	303
2008-10-23	306	321	300	321	992200	321
2008-10-22	326	337	319	321	1473900	321
2008-10-21	349	352	343.5	350.5	955500.0	350.5
2008-10-20	316	334	315	329	658200	329
2008-10-17	328	337	325	332	893100	332
2008-10-16	321	329	313	320	864600	320
2008-10-15	345	352	338	349	1019300	349
2008-10-14	335	348.5	334	348.5	977700.0	348.5
2008-10-10	298	312	294	308.5	1543500.0	308.5
2008-10-09	322	336	316	330	1180600	330
2008-10-08	357.5	359	325.5	326.5	1167000.0	326.5
2008-10-07	339	372.5	339	365.5	1664100.0	365.5
2008-10-06	374	379	360	371	1612000	371
2008-10-03	408	408	379.5	393.5	1419300.0	393.5
2008-10-02	408.5	414.5	405	408.5	993700.0	408.5
2008-10-01	405	407	398	404	1630500	404
2008-09-30	392.5	402	385.5	397.5	891800.0	397.5
2008-09-29	414.5	415.5	403	404.5	1347700.0	404.5
2008-09-26	412	418.5	410	414.5	958600.0	414.5
2008-09-25	406	418	403	412	1096000	412
2008-09-24	390.5	420.5	386	416.5	2118400.0	416.5
2008-09-22	395	400	377.5	389.5	1584900.0	389.5
2008-09-19	360	385	353	383	2086200	383
2008-09-18	343	355.5	337	345.5	1265700.0	345.5
2008-09-17	371	371	340	350.5	1704900.0	350.5
2008-09-16	334	371	334	354	1352500	354
2008-09-12	374	374	367	370	1031100	370
2008-09-11	376	378	362	363	1181500	363
2008-09-10	378.5	386	377	382.5	649700.0	382.5
2008-09-09	392	393.5	379	386.5	846300.0	386.5
2008-09-08	387.5	398	386.5	391.5	1136600.0	391.5
2008-09-05	385	390	381	386.5	1542500.0	386.5
2008-09-04	407.5	407.5	387.5	388.5	1125000.0	388.5
2008-09-03	420	424.5	403.5	406.5	768000.0	406.5
2008-09-02	420	426	411	417	666900	417
2008-09-01	413	421	412	416	564500	416
2008-08-29	403.5	416	403.5	413.5	851100.0	413.5
2008-08-28	415	415	404	405	736700	405
2008-08-27	418	418	409	414	465300	414
2008-08-26	410	415.5	408.5	415.5	286900.0	415.5
2008-08-25	418	421	415	417	413000	417
2008-08-22	418.5	419	407.5	410.5	727400.0	410.5
2008-08-21	427.5	427.5	415	419.5	704200.0	419.5
2008-08-20	417	428	416	427	404400	427
2008-08-19	423	425.5	419.5	421.5	402700.0	421.5
2008-08-18	416	435	414	431	1057700	431
2008-08-15	409	417	406	416	819600	416
2008-08-14	411	411	403	405	664800	405
2008-08-13	409	411	400	407	720400	407
2008-08-12	410	414	408	410	472800	410
2008-08-11	417	420	411	412	543600	412
2008-08-08	423	424	412	414	994500	414
2008-08-07	415	432.5	411	427.5	1010400.0	427.5
2008-08-06	420	432	411.5	427.5	983000.0	427.5
2008-08-05	411	415	408	413	795500	413
2008-08-04	416	419.5	410.5	415.5	605900.0	415.5
2008-08-01	420	424	405	408	773500	408
2008-07-31	433	433	428	428	861200	428
2008-07-30	430	433	423	425	534700	425
2008-07-29	433	436	422	425	743500	425
2008-07-28	439	443	434	438	613500	438
2008-07-25	422	434	418	432.5	1146800.0	432.5
2008-07-24	424	429	416	427.5	1180100.0	427.5
2008-07-23	402	419	401	418	1132500	418
2008-07-22	407	407	393	398.5	515500.0	398.5
2008-07-18	398	408	394	399	1342400	399
2008-07-17	403.5	405.5	394.5	396.5	697800.0	396.5
2008-07-16	400.5	403.5	384.5	391.5	1174200.0	391.5
2008-07-15	409	410	400	403	676400	403
2008-07-14	422.5	424	412	414.5	738900.0	414.5
2008-07-11	430	431	420	423	870600	423
2008-07-10	425	437	425	430.5	716900.0	430.5
2008-07-09	436	440.5	428	428.5	1170000.0	428.5
2008-07-08	443.5	443.5	426	428.5	1367500.0	428.5
2008-07-07	429	445	428	445	985700	445
2008-07-04	422	434	420	430	836700	430
2008-07-03	424.5	430	416.5	420.5	1128300.0	420.5
2008-07-02	427	436.5	421	424.5	1086900.0	424.5
2008-07-01	432	433	424	428	1279700	428
2008-06-30	429.5	441	423	432.5	1161300.0	432.5
2008-06-27	430.5	433.5	418	421.5	1914900.0	421.5
2008-06-26	444	455	443.5	446.5	1041000.0	446.5
2008-06-25	456	456.5	437	443.5	2603700.0	443.5
2008-06-24	459	462	455	459.5	513400.0	459.5
2008-06-23	460	464	455	459	1106400	459
2008-06-20	460	470	458	468	1615600	468
2008-06-19	466	469.5	456	459.5	1482300.0	459.5
2008-06-18	475	478	466	470	1683100	470
2008-06-17	488	489	474	477	1525700	477
2008-06-16	486	490	474	484	1594300	484
2008-06-13	494	498	477	486	3916200	486
2008-06-12	478	499	473	492	3092400	492
2008-06-11	460	464	456	462	704500	462
2008-06-10	465	466	449	455	1502100	455
2008-06-09	467	473	462	463	1390200	463
2008-06-06	487	493	477	479	2204800	479
2008-06-05	478	488	475	487	1855000	487
2008-06-04	476	478	464	470	1516600	470
2008-06-03	488	492	476	479	1353800	479
2008-06-02	493.5	499.5	485	488.5	1239900.0	488.5
2008-05-30	499	501	489	497	1285900	497
2008-05-29	502	506	494	500	1130500	500
2008-05-28	490	509	490	501	1893900	501
2008-05-27	490	501	489	490	1063100	490
2008-05-26	503	512	488	492	1451600	492
2008-05-23	505	515	498	510	1941200	510
2008-05-22	484	505	481	501	2649800	501
2008-05-21	479.5	490	476	487.5	1783600.0	487.5
2008-05-20	480	485.5	472	482.5	1451600.0	482.5
2008-05-19	482.5	482.5	469	479.5	1723800.0	479.5
2008-05-16	475.5	482	467	470.5	1887700.0	470.5
2008-05-15	490	496	471.5	475.5	2461900.0	475.5
2008-05-14	473	490	461	489	4102800	489
2008-05-13	449	467	445	461.5	2481800.0	461.5
2008-05-12	422	438	418	434	1538400	434
2008-05-09	430.5	436	414.5	418.5	1917500.0	418.5
2008-05-08	442	448	431	434	1165100	434
2008-05-07	455.5	455.5	435.5	438.5	1465600.0	438.5
2008-05-02	454	458	446	450	926500	450
2008-05-01	445	453	442	450	940400	450
2008-04-30	443	450	442	445	1022900	445
2008-04-28	460	461	445.5	447.5	1396400.0	447.5
2008-04-25	449	461	449	454	1704900	454
2008-04-24	441.5	453.5	441.5	447.5	1579700.0	447.5
2008-04-23	438.5	460.5	436	445.5	2932600.0	445.5
2008-04-22	458.5	458.5	439.5	443.5	3289700.0	443.5
2008-04-21	477	480	462	464	1377500	464
2008-04-18	475	478	466	470	1589800	470
2008-04-17	482	498	472	474	2235900	474
2008-04-16	465	480	463	479	1960400	479
2008-04-15	456	462	451	459	1878500	459
2008-04-14	445	459	441	455	2482700	455
2008-04-11	447.5	453	440.5	451.5	1956400.0	451.5
2008-04-10	433	444.5	420	435.5	1847100.0	435.5
2008-04-09	445	453	427	431.5	2223500.0	431.5
2008-04-08	420	452	416	441	4052300	441
2008-04-07	411	417	402	416	1242500	416
2008-04-04	422	425	410	411	1593800	411
2008-04-03	421	435	418	422	2693300	422
2008-04-02	414	417	411	413	1085400	413
2008-04-01	402.5	411	398.5	402.5	1826600.0	402.5
2008-03-31	419	424	401	401	3490700	401
2008-03-28	411.5	431.5	411.5	427.5	2714400.0	427.5
2008-03-27	412	418	403.5	411.5	2289400.0	411.5
2008-03-26	399	412	399	412	2142900	412
2008-03-25	421	423.5	406	413.5	2916200.0	413.5
2008-03-24	402.5	424.5	401	420.5	3424700.0	420.5
2008-03-21	395	409	386	407	2605900	407
2008-03-19	385	395	377	395	2832400	395
2008-03-18	351.5	386	351.5	369.5	4600200.0	369.5
2008-03-17	338.5	355	335	347.5	3788000.0	347.5
2008-03-14	394	396	365	370.5	3931400.0	370.5
2008-03-13	397	400.5	386.5	396.5	2920400.0	396.5
2008-03-12	420	425	379	389	6235100	389
2008-03-11	396	406	390	406	7193800	406
2008-03-10	348	380	346	366	7431200	366
2008-03-07	344	348	340	340	2150100	340
2008-03-06	378	378.5	347	353.5	5270200.0	353.5
2008-03-05	320	359	319	346	4443200	346
2008-03-04	326	329	313	319	1985300	319
2008-03-03	305	333	302	326	2632400	326
2008-02-29	298.5	312.5	298	311.5	1314700.0	311.5
2008-02-28	308	308	300	302.5	1288000.0	302.5
2008-02-27	301	305	298	304	2525000	304
2008-02-26	316	317	305	307	1046000	307
2008-02-25	319	326	314	316	1924900	316
2008-02-22	320	322	316	317	1177600	317
2008-02-21	322	329	319.5	324.5	1628900.0	324.5
2008-02-20	326.5	327	316.5	317.5	1153800.0	317.5
2008-02-19	326	336	323	328.5	1322300.0	328.5
2008-02-18	316	328	314	319	1116000	319
2008-02-15	316	318.5	312.5	315.5	1504800.0	315.5
2008-02-14	327	333	310	323.5	2041500.0	323.5
2008-02-13	346	346	330	331	974400	331
2008-02-12	325	328	321	322	602900	322
2008-02-08	327	336	317	334	1443000	334
2008-02-07	344.5	349.5	337.5	347.5	895200.0	347.5
2008-02-06	347	350	339	341	829500	341
2008-02-05	354	365	350	361	1097800	361
2008-02-04	342.5	352.5	341	347.5	819800.0	347.5
2008-02-01	343	346	336	337	584900	337
2008-01-31	333.5	347.5	333.5	347.5	622200.0	347.5
2008-01-30	339	344.5	334.5	337.5	670800.0	337.5
2008-01-29	342.5	349	336	340.5	1001200.0	340.5
2008-01-28	340	345	334.5	334.5	990900.0	334.5
2008-01-25	344	345	338	344	887100	344
2008-01-24	335	341	331	335	1092700	335
2008-01-23	331	336	328	329	1311500	329
2008-01-22	332	336	316	316	1198200	316
2008-01-21	348	352.5	339	340.5	1247200.0	340.5
2008-01-18	350	364	343	358.5	1032300.0	358.5
2008-01-17	357	364	356	360	917500	360
2008-01-16	358	363	355	357.5	1353800.0	357.5
2008-01-15	401	406	381	382	1205400	382
2008-01-11	418	418.5	407	409.5	803600.0	409.5
2008-01-10	418	420	410	410	530500	410
2008-01-09	410	418	405	418	588900	418
2008-01-08	413	416	410.5	413.5	839000.0	413.5
2008-01-07	426	432	418	423	1009300	423
2008-01-04	416	420	409	410	545700	410
2007-12-28	441	442	435	436	318800	436
2007-12-27	448	450	443	445	395300	445
2007-12-26	441	452	441	452	505400	452
2007-12-25	437	446	437	439.5	621600.0	439.5
2007-12-21	441	451	440	449	978900	449
2007-12-20	456	458.5	445.5	445.5	679800.0	445.5
2007-12-19	467	476	458	458	903300	458
2007-12-18	456	481	456	475	827300	475
2007-12-17	475	478	462.5	464.5	711200.0	464.5
2007-12-14	486.5	494.5	478.5	479.5	1050900.0	479.5
2007-12-13	490	493	479	482	725700	482
2007-12-12	493	494	480	493	795300	493
2007-12-11	509	509	496.5	496.5	568300.0	496.5
2007-12-10	505	514	501	506	663200	506
2007-12-07	494	520	493	508	1344200	508
2007-12-06	489.5	494	487	491.5	791800.0	491.5
2007-12-05	484	490	483	489.5	830400.0	489.5
2007-12-04	490	497.5	490	490.5	567300.0	490.5
2007-12-03	483	498	482	498	1588700	498
2007-11-30	462	472	459	471	1082900	471
2007-11-29	449	463	448.5	461.5	786700.0	461.5
2007-11-28	449	452	443	446.5	579400.0	446.5
2007-11-27	446	452	438	449	780700	449
2007-11-26	449	453.5	446.5	449.5	464000.0	449.5
2007-11-22	442	453	440	445	919700	445
2007-11-21	444	447	438	439	545000	439
2007-11-20	436	446	430	445	496800	445
2007-11-19	450	450	437.5	440.5	394500.0	440.5
2007-11-16	430	440	429	436	681600	436
2007-11-15	449.5	449.5	438.5	439.5	408900.0	439.5
2007-11-14	438	447.5	436	444.5	468700.0	444.5
2007-11-13	430	438	427	434	540600	434
2007-11-12	449	449	427	434	996100	434
2007-11-09	457	466	452.5	452.5	503200.0	452.5
2007-11-08	463	471.5	457.5	460.5	559200.0	460.5
2007-11-07	489	492	473	475	500500	475
2007-11-06	492.5	502	486.5	487.5	611600.0	487.5
2007-11-05	502	507	493	496.5	548100.0	496.5
2007-11-02	499	517	496	507	780800	507
2007-11-01	496	512	495	508	1374800	508
2007-10-31	469	481	467	481	488400	481
2007-10-30	479.5	479.5	469	471.5	727200.0	471.5
2007-10-29	485	485	473.5	478.5	689300.0	478.5
2007-10-26	464	478	462	477	489100	477
2007-10-25	465	468.5	460.5	464.5	358100.0	464.5
2007-10-24	470	471.5	463.5	465.5	486900.0	465.5
2007-10-23	471	475	471	473	369500	473
2007-10-22	470	476.5	469	475.5	443100.0	475.5
2007-10-19	480	484	476	482.5	488200.0	482.5
2007-10-18	480	488	477	480	794700	480
2007-10-17	472	483	467	475	934000	475
2007-10-16	481	482.5	471	472.5	545300.0	472.5
2007-10-15	485.5	489	481	482.5	406300.0	482.5
2007-10-12	492	492	483	483	410200	483
2007-10-11	486	493.5	483	492.5	795900.0	492.5
2007-10-10	486	496.5	485	486.5	552200.0	486.5
2007-10-09	485	493	483	485	294800	485
2007-10-05	483	487	480	485	477700	485
2007-10-04	496	499	485	487	501300	487
2007-10-03	503	504	496.5	499.5	419100.0	499.5
2007-10-02	500	503	497	502	422000	502
2007-10-01	496	500	493	500	512900	500
2007-09-28	495	498	486	493	540900	493
2007-09-27	487	500	487	497	474200	497
2007-09-26	477	489	477	489	318400	489
2007-09-25	478	482	461	481.5	782700.0	481.5
2007-09-21	492	497	484	487	440600	487
2007-09-20	501	501	493.5	496.5	332500.0	496.5
2007-09-19	495	502	495	501	498500	501
2007-09-18	498	498.5	487	487.5	580800.0	487.5
2007-09-14	499	502	496	498	935800	498
2007-09-13	498	502	498	500	268400	500
2007-09-12	504	506	497	500	348800	500
2007-09-11	502	508	495	504	457300	504
2007-09-10	491	509	490	500	392700	500
2007-09-07	501	506	497	500	412700	500
2007-09-06	497	503	491	501	737300	501
2007-09-05	497	505	495	502	679600	502
2007-09-04	492.5	499.5	490.5	496.5	310700.0	496.5
2007-09-03	498	502	492	495.5	163200.0	495.5
2007-08-31	493	498	491	498	330200	498
2007-08-30	490	493	488	493	465500	493
2007-08-29	489.5	490.5	482.5	487.5	414200.0	487.5
2007-08-28	495	499	494	499	397300	499
2007-08-27	492	496	492	495	319400	495
2007-08-24	495	495	487	492	248000	492
2007-08-23	490	495	486	494	232300	494
2007-08-22	490	495	485	492	246700	492
2007-08-21	476.5	492	476	490.5	400500.0	490.5
2007-08-20	480	488	472	476	441800	476
2007-08-17	500	503	470	472	846500	472
2007-08-16	501	503	488	503	623900	503
2007-08-15	510	517	502	506	562100	506
2007-08-14	519	520	506	509	625100	509
2007-08-13	507	508	493	504	560600	504
2007-08-10	518	525	503	512	1170400	512
2007-08-09	528	528	524	528	1004200	528
2007-08-08	487.5	496	482	487.5	410000.0	487.5
2007-08-07	500	501	486	495	322400	495
2007-08-06	497	501	488	500	442200	500
2007-08-03	499	511	494	500	438300	500
2007-08-02	498	507	490	504	567200	504
2007-08-01	504	508	497	506	392500	506
2007-07-31	507	521	501	514	377400	514
2007-07-30	500	511	499	506	563500	506
2007-07-27	481	498	481	497	495400	497
2007-07-26	495	499.5	490	495.5	401100.0	495.5
2007-07-25	512	512	495	500	549600	500
2007-07-24	491	514	490	512	609600	512
2007-07-23	495	496	490	490.5	377600.0	490.5
2007-07-20	505	511	495	496.5	626500.0	496.5
2007-07-19	506	516	505	510	194200	510
2007-07-18	519	521	506	506	573900	506
2007-07-17	521	522	516	518	392400	518
2007-07-13	526	526	521	521	351400	521
2007-07-12	523	526	519	522	372800	522
2007-07-11	526	527	519	520	704500	520
2007-07-10	520	522	518	521	480100	521
2007-07-09	524	524	517	521	803500	521
2007-07-06	530	531	516	520	1211500	520
2007-07-05	534	545	533	539	375000	539
2007-07-04	549	549	533	538	551700	538
2007-07-03	562	564	547	549	419500	549
2007-07-02	571	574	562	567	490600	567
2007-06-29	549	586	546	576	1176400	576
2007-06-28	544	553	538	545	335700	545
2007-06-27	541	544	537	541	550400	541
2007-06-26	550	551	540	541	286100	541
2007-06-25	558	561	551	553	535300	553
2007-06-22	553	565	549	562	831700	562
2007-06-21	549	555	540	543	678100	543
2007-06-20	527	554	527	551	1623500	551
2007-06-19	527	527	519	522	422400	522
2007-06-18	529	532	521	525	625000	525
2007-06-15	528	529	522	525	390400	525
2007-06-14	525	530	522	523	530300	523
2007-06-13	526	534	522	522	510900	522
2007-06-12	534	537	528	528	370500	528
2007-06-11	535	538	529	533	341800	533
2007-06-08	540	540	530	534	1175900	534
2007-06-07	533	542	531	541	503200	541
2007-06-06	546	546	536	538	489400	538
2007-06-05	566	567	544	547	525700	547
2007-06-04	573	573	563	563	313300	563
2007-06-01	557	565	552	558	570700	558
2007-05-31	545	553	541	550	678300	550
2007-05-30	533	540	524	540	628200	540
2007-05-29	524	535	524	532	427800	532
2007-05-28	530	534	521	527	649400	527
2007-05-25	545	546	526	531	702900	531
2007-05-24	555	558	549	549	446300	549
2007-05-23	547	562	547	560	562300	560
2007-05-22	538	553	537	548	494000	548
2007-05-21	555	558	541	543	682000	543
2007-05-18	573	573	554	556	594600	556
2007-05-17	576	583	563	578	724200	578
2007-05-16	578	583	574	580	342600	580
2007-05-15	585	590	577	579	560300	579
2007-05-14	597	599	590	590	557100	590
2007-05-11	601	601	593	597	496400	597
2007-05-10	604	606	598	602	500700	602
2007-05-09	616	616	603	609	689600	609
2007-05-08	595	629	589	621	1375300	621
2007-05-07	591	594	587	590	431800	590
2007-05-02	598	600	590	593	369400	593
2007-05-01	596	606	591	603	658900	603
2007-04-27	590	596	588	594	421500	594
2007-04-26	602	607	592	594	524500	594
2007-04-25	616	616	600	607	510600	607
2007-04-24	600	616	596	612	797500	612
2007-04-23	589	602	589	602	701300	602
2007-04-20	595	602	591	599	407300	599
2007-04-19	595	599	587	599	417500	599
2007-04-18	601	603	588	599	875800	599
2007-04-17	606	608	597	601	529400	601
2007-04-16	610	615	603	606	495100	606
2007-04-13	618	619	604	606	968700	606
2007-04-12	631	634	606	613	1741000	613
2007-04-11	605	626	600	626	3613500	626
2007-04-10	585	592	572	576	1235000	576
2007-04-09	592	600	576	585	1655200	585
2007-04-06	605	610	585	592	1456800	592
2007-04-05	615	616	600	605	2152000	605
2007-04-04	629	633	600	617	2076200	617
2007-04-03	657	659	615	625	2252400	625
2007-04-02	675	679	653	665	1204800	665
