1301	557	178	71.91	224.59	13.21	162.87	9.76	28.22	3.31	19.21	15.00	8.23	19.88	6.07	51.84	-1.45	-3.52	18.32	-5.08	40.26	3.12	4.26	7.14	
1332	-14	186	63.44	22.07	1.30	-1.76	18.27	43.72	1.66	7.58	-0.66	1.68	17.04	8.93	-16.67	-9.32	4.61	-3.66	-18.49	19.46	-24.87	-10.07	-17.14	
1491	1248	150	66.67	230.96	14.43	51.38	44.38	-4.83	36.84	41.13	-5.77	0.00	-4.14	14.39	18.75	-8.11	-2.00	43.33	4.00	42.55	0.00	6.25	4.17	
1518	438	160	74.38	191.56	13.68	124.08	26.82	-1.63	11.90	-6.76	-11.73	24.32	24.02	22.26	27.20	56.67	7.59	13.04	-0.74	-1.40	0.00	0.00	0.00	
1605	3440	126	62.70	137.39	12.49	101.93	0.00	0.00	0.00	0.00	0.00	0.00	7.23	19.60	46.64	5.73	14.03	17.01	-6.44	5.44	10.95	9.58	7.64	
1719	185	133	66.92	101.23	7.23	24.03	0.00	0.00	0.00	-22.16	43.77	-1.18	19.76	14.77	12.82	17.65	8.42	-10.10	15.75	11.35	-22.47	0.85	12.00	
1720	-11171	70	70.00	-34.94	-2.91	-93.09	0.00	0.00	0.00	-89.17	-13.23	-11.03	40.89	4.53	21.32	7.11	0.00	20.00	4.42	-39.51	5.79	13.95	0.00	
1721	1237	168	62.50	82.28	5.88	67.08	0.00	0.00	0.00	-15.80	-5.46	-1.31	18.35	7.69	34.22	24.91	0.21	-11.38	8.81	16.96	-15.67	6.00	14.75	
1722	781	142	63.38	51.31	3.67	12.48	0.00	0.00	0.00	-1.55	-18.84	8.79	14.86	-16.01	-6.28	8.73	2.29	31.15	6.25	14.09	17.34	-4.95	-4.55	
1783	338	107	73.83	343.33	21.46	21.95	18.97	71.11	-59.74	34.07	46.51	-8.51	7.25	13.33	52.11	31.34	48.00	35.71	0.00	15.60	2.65	38.05	-3.12	
1801	676	209	65.07	174.25	10.25	83.46	19.27	40.60	22.26	18.18	27.14	7.01	8.07	2.99	24.07	11.21	-3.70	19.07	-19.92	-10.88	-3.46	0.37	11.98	
1802	768	208	62.98	106.04	6.24	67.90	-5.43	13.70	-0.75	4.72	15.70	6.85	4.70	15.84	11.40	12.96	4.60	24.03	-11.44	-11.00	-2.67	12.83	9.99	
1803	1257	233	67.81	225.56	13.27	106.53	47.35	-6.55	22.80	17.08	13.87	8.86	1.18	-1.29	72.71	10.21	2.82	35.78	-11.93	-6.49	-13.04	19.83	12.36	
1805	1021	149	67.79	224.19	13.19	94.54	20.59	33.33	52.00	1.55	-5.56	-7.55	42.77	26.09	42.11	-56.52	15.15	30.00	6.09	22.28	-13.12	3.81	11.17	
1808	2311	154	68.83	157.00	9.24	98.55	20.69	49.06	36.77	6.50	6.32	-0.85	19.52	-2.82	68.85	-50.00	-8.22	9.09	-10.29	-9.15	6.78	0.96	13.80	
1812	862	224	64.73	186.01	10.94	109.53	25.23	-11.89	13.24	7.43	6.57	5.83	25.03	-0.81	47.04	0.94	13.39	24.65	-4.58	19.56	-4.78	-0.30	19.45	
1813	371	152	64.47	148.70	8.75	43.14	18.12	26.16	6.98	-19.33	-20.60	21.03	5.39	30.80	37.80	7.53	11.59	5.94	-16.09	20.10	2.60	4.39	6.29	
1814	4925	174	74.71	450.79	26.52	272.10	38.64	44.68	64.41	55.93	42.18	18.45	29.28	20.51	33.82	3.64	35.56	33.33	5.80	12.00	16.69	4.79	-8.92	
1815	390	155	70.97	242.27	14.25	73.31	9.79	9.77	17.60	2.82	53.28	0.00	1.32	27.84	50.00	51.30	10.34	8.87	-3.79	-45.76	0.56	19.15	29.15	
1820	286	179	66.48	78.50	4.62	47.67	3.97	9.83	7.44	11.40	13.26	0.56	1.52	5.34	-4.46	-40.24	12.14	61.74	-6.73	-5.69	-7.94	4.92	11.43	
1821	1210	152	65.79	113.97	6.70	66.48	45.24	17.58	23.64	-16.80	7.45	8.21	-18.42	34.48	36.80	7.27	17.00	4.35	-50.53	3.51	-6.12	-3.23	3.53	
1822	-37	170	64.12	21.02	1.24	-6.20	7.22	14.41	7.69	26.29	-26.71	7.09	10.23	1.65	-5.26	-15.38	-11.43	55.64	-13.67	-33.06	-10.50	3.18	3.62	
1824	912	220	65.91	194.14	11.42	98.06	18.41	72.10	21.84	16.36	10.41	4.18	0.13	8.56	0.47	2.38	-0.63	52.26	-0.71	-10.66	-7.17	4.84	1.40	
1826	1292	142	65.49	205.27	12.07	121.31	37.28	-30.47	29.52	25.58	2.76	10.50	11.27	8.47	1.10	5.17	20.45	11.32	23.91	15.76	12.16	12.92	7.55	
1852	370	171	67.84	232.28	13.66	109.79	11.24	15.62	36.67	35.14	15.35	-5.25	8.07	20.00	28.39	7.41	23.75	21.74	10.00	-15.03	2.38	7.72	9.09	
1860	303	216	64.35	77.03	4.53	41.51	-13.38	7.67	25.62	12.34	9.43	-7.53	9.42	-4.86	25.40	-3.71	1.52	37.33	-10.61	-6.75	-11.88	-14.69	21.73	
1861	47	134	61.19	66.82	3.93	9.13	-18.59	8.27	48.39	18.64	-2.37	0.97	8.20	25.66	-10.34	-3.49	15.12	6.45	8.08	-56.60	0.56	8.88	9.01	
1885	321	186	69.89	189.40	11.14	95.25	21.52	31.95	25.00	7.23	7.00	-16.95	20.39	6.34	21.08	30.08	14.05	-3.01	-2.29	13.33	11.02	16.62	-13.97	
1888	217	149	63.09	177.23	10.43	68.89	37.04	57.81	23.29	58.00	-1.82	6.21	-25.40	20.62	17.71	-39.73	16.13	3.10	-17.39	8.45	-0.45	10.27	3.38	
1890	1252	183	68.31	241.52	14.21	107.93	43.64	36.00	-1.67	5.08	18.70	-3.88	1.00	28.03	57.83	18.31	1.82	32.08	2.55	-3.05	-7.09	1.92	10.25	
1893	580	193	66.32	197.68	11.63	100.35	15.34	12.33	6.99	13.64	-6.88	5.20	7.27	15.03	59.80	9.23	16.67	7.17	1.27	9.97	13.01	-1.10	12.73	
1898	3108	177	75.14	486.44	28.61	280.00	61.05	68.67	62.37	73.33	65.77	6.71	7.06	31.85	13.16	0.00	18.60	41.38	24.39	-2.01	-3.24	5.36	12.00	
1916	363	107	67.29	167.62	9.86	76.42	1.68	5.38	18.05	33.62	27.69	16.24	30.92	9.05	30.97	-35.53	7.79	26.11	-1.60	-3.83	3.93	2.82	-5.68	
1919	89	163	62.58	109.96	6.47	30.48	-9.25	-24.16	28.57	-16.84	11.70	7.38	3.24	7.50	32.91	-2.86	36.76	-20.30	10.91	14.98	6.09	15.79	7.53	
1925	3106	208	68.75	187.20	11.01	89.10	16.82	27.04	3.41	23.96	16.77	-0.66	18.13	18.49	21.48	-3.87	-6.92	16.02	1.28	8.76	7.95	-0.33	18.85	
1928	2334	190	73.16	166.54	9.80	118.54	-7.23	0.84	16.42	16.00	28.56	4.14	16.98	12.47	41.46	-4.18	18.71	7.87	-10.08	7.88	-9.13	15.74	10.08	
1929	2945	182	75.27	349.21	20.54	91.69	17.04	48.53	30.06	-8.84	37.39	-0.35	9.29	42.25	48.00	1.33	39.71	52.56	18.60	17.56	-3.99	15.38	-15.31	
1963	3808	220	68.64	217.70	12.81	91.21	16.70	33.82	14.88	39.85	3.41	-0.36	11.31	20.48	21.03	31.52	-1.17	4.38	-2.64	8.79	6.28	-7.23	16.65	
2002	1412	206	72.82	144.61	8.51	70.60	10.71	27.79	15.41	20.51	7.53	6.70	10.26	0.47	14.12	8.48	9.96	-6.04	1.94	10.89	-6.33	3.45	8.75	
2109	647	200	71.00	188.76	11.10	99.54	27.60	15.53	25.11	19.53	4.22	-8.94	-9.08	40.04	44.95	1.46	1.54	4.30	0.00	8.25	-6.67	9.46	11.43	
2120	525	122	68.85	115.58	10.51	35.86	0.00	0.00	0.00	0.00	0.00	0.00	-1.22	26.64	-13.85	24.24	3.72	8.22	20.97	8.00	23.73	-2.80	17.91	
2121	1688	77	68.83	36.61	3.33	25.97	0.00	0.00	0.00	0.00	0.00	0.00	-1.20	-0.35	13.78	20.53	5.04	24.16	11.47	-69.60	10.89	10.42	11.46	
2131	343	89	64.04	24.03	2.18	21.44	0.00	0.00	0.00	0.00	0.00	0.00	-3.75	7.50	33.39	-5.21	-6.67	8.27	-13.13	3.69	-4.27	-3.99	8.19	
2138	820	103	66.99	109.74	10.97	11.55	0.00	0.00	0.00	0.00	0.00	0.00	0.00	28.77	18.54	3.68	32.32	13.69	-7.94	-1.52	-23.31	25.92	19.60	
2158	400	68	63.24	79.15	7.92	32.39	0.00	0.00	0.00	0.00	0.00	0.00	0.00	34.19	-5.45	25.64	0.00	-24.12	11.29	15.47	-7.49	16.84	12.79	
2160	661	91	76.92	233.83	23.38	89.93	0.00	0.00	0.00	0.00	0.00	0.00	0.00	5.67	42.67	50.00	25.71	-50.00	58.66	36.33	31.52	11.76	21.51	
2201	256	181	69.61	112.31	6.61	38.44	19.23	12.94	18.30	20.29	6.53	1.94	-7.84	7.42	16.16	6.53	4.76	8.21	1.05	-8.57	6.13	-9.46	8.68	
2211	517	169	71.60	232.63	16.62	153.87	34.82	15.44	15.17	48.81	2.95	15.26	10.14	7.82	52.73	-24.39	15.42	35.15	-6.25	9.55	0.00	0.00	0.00	
2212	1463	202	69.31	129.54	7.62	50.43	15.83	19.13	19.11	5.43	12.96	-0.84	-0.32	-17.26	51.98	11.48	4.46	1.40	4.06	-2.40	7.35	-5.25	2.41	
2264	401	188	65.43	109.95	6.47	51.74	39.47	10.89	5.06	1.02	-3.60	-0.86	0.00	-13.54	47.70	-7.00	9.24	1.98	-1.36	5.03	3.57	-5.08	17.42	
2281	248	159	65.41	165.75	9.75	62.63	0.61	-16.67	63.01	26.83	18.54	3.88	20.92	20.36	-6.59	3.27	6.12	8.27	-4.73	2.26	1.01	7.07	11.56	
2282	2591	170	68.82	141.80	8.34	91.85	21.10	-22.72	14.07	19.95	10.08	-1.24	9.06	8.07	54.56	-5.58	5.57	-7.17	0.42	1.08	19.01	15.92	-0.38	
2286	174	175	65.14	123.73	7.28	75.98	30.18	-0.61	10.38	-3.85	-10.34	16.59	-2.62	28.66	18.75	7.32	11.28	5.62	-1.20	10.42	10.59	-6.49	-0.93	
2315	843	120	72.50	260.26	18.59	47.36	0.00	0.00	0.00	33.33	-2.17	-7.89	31.57	4.98	9.68	-29.90	16.24	12.95	17.93	31.30	40.00	45.71	56.52	
2337	1597	149	66.44	212.33	14.16	63.88	0.00	0.00	5.05	18.62	11.30	3.33	49.52	3.57	-32.36	82.26	25.86	-4.55	-6.98	4.88	21.72	15.35	14.76	
2342	2058	104	72.12	125.27	8.35	77.66	0.00	0.00	8.23	45.17	37.36	-2.35	-19.69	-20.30	30.96	42.45	-64.03	26.91	21.31	21.00	7.78	-15.14	5.62	
2353	-25	101	65.35	46.78	3.60	-7.31	0.00	0.00	0.00	0.00	-31.58	2.40	7.75	-11.11	17.31	3.51	8.51	11.63	0.00	-1.06	24.19	4.31	10.92	
2362	320	137	70.07	171.34	12.24	32.32	0.00	0.00	0.00	21.65	-50.85	25.36	19.75	44.32	43.08	44.44	3.85	-6.33	13.45	-9.49	3.13	15.45	3.54	
2370	1898	126	73.81	362.60	25.90	65.45	0.00	0.00	0.00	7.93	19.29	17.91	53.68	12.26	57.04	36.08	30.22	39.76	-5.13	82.38	4.55	5.59	1.03	
2371	2241	167	73.05	276.99	19.78	94.12	0.00	0.00	0.00	-2.49	11.34	-7.69	47.48	31.94	69.51	20.75	14.26	21.73	19.48	28.89	2.26	18.52	1.02	
2379	451	146	61.64	90.86	6.99	15.84	0.00	0.00	0.00	0.00	-7.06	-13.94	22.33	-10.30	33.64	34.33	26.03	13.43	-1.41	-27.94	6.90	11.87	2.99	
2413	1410	136	68.38	184.32	14.18	50.90	0.00	0.00	0.00	0.00	-21.60	-1.94	39.94	16.99	67.13	11.94	5.90	9.48	18.26	25.14	3.12	4.01	5.96	
2432	1347	125	65.60	62.22	5.18	36.80	0.00	0.00	0.00	0.00	0.00	16.20	27.55	-13.99	51.58	-16.86	-15.90	30.55	-26.41	22.75	5.05	-16.40	-1.89	
2433	913	148	71.62	100.26	8.36	62.24	0.00	0.00	0.00	0.00	0.00	1.20	18.83	10.02	44.43	11.15	-2.07	2.23	-1.46	-5.61	-10.34	11.18	20.69	
2461	882	117	64.96	48.01	4.00	36.64	0.00	0.00	0.00	0.00	0.00	-26.82	41.29	-34.62	-21.57	3.17	27.47	15.17	6.72	11.07	11.34	10.30	4.48	
2489	110	92	60.87	0.01	0.00	4.59	0.00	0.00	0.00	0.00	0.00	0.00	10.07	-31.76	-1.37	5.97	8.74	1.23	-21.40	-50.10	35.33	15.88	27.41	
2491	-16	103	57.28	64.87	5.90	-1.04	0.00	0.00	0.00	0.00	0.00	0.00	10.84	-23.04	33.83	14.16	16.75	15.13	-1.89	-6.10	-9.45	6.43	8.22	
2497	-4202	82	68.29	-62.31	-5.66	-79.13	0.00	0.00	0.00	0.00	0.00	0.00	-20.94	-7.50	41.77	-49.01	2.39	11.42	8.97	-87.16	-9.92	20.72	26.94	
2501	3830	177	67.23	98.98	5.82	85.59	3.06	5.19	6.49	15.99	-6.84	6.21	19.44	5.81	53.48	1.70	-0.63	4.91	-12.64	-16.36	7.92	2.50	2.74	
2502	1496	216	67.59	69.88	4.11	34.08	-7.08	-8.54	9.16	0.42	-8.51	11.20	-1.55	12.88	25.13	14.72	10.86	5.94	2.33	-8.53	9.74	0.66	1.04	
2503	1798	209	68.90	117.63	6.92	93.16	32.20	4.32	10.81	4.60	5.19	1.78	-4.33	-0.84	23.63	5.27	1.27	5.73	-7.28	1.29	17.37	8.67	7.98	
2531	447	167	61.08	13.52	0.80	15.68	16.84	0.65	-7.71	18.01	-8.00	-6.52	10.64	5.74	-9.88	-3.12	8.56	1.16	-1.46	-1.08	-1.57	-5.22	-3.53	
2538	181	166	69.28	158.95	9.35	47.14	27.43	-14.46	24.77	6.45	-4.41	5.21	14.52	10.57	7.14	-7.69	13.58	37.50	8.70	28.33	6.25	-32.84	27.91	
2602	612	183	66.67	101.66	6.35	66.02	24.80	4.32	-16.12	5.56	4.71	9.70	12.51	2.47	32.71	-4.81	-9.28	19.47	3.26	0.00	0.00	-3.63	15.97	
2706	814	109	72.48	301.02	18.81	48.34	0.00	9.84	16.67	31.00	21.97	16.97	30.97	54.01	56.00	29.73	27.50	7.50	5.56	-32.71	30.29	-18.75	14.49	
2730	23	147	60.54	-62.11	-4.14	0.78	0.00	0.00	2.13	-3.50	-4.25	-4.46	14.58	19.30	6.61	-54.94	-1.70	-9.17	-12.04	-33.76	6.15	6.43	6.50	
2768	193	157	60.51	69.74	4.98	25.50	0.00	0.00	0.00	4.79	-10.00	-15.79	-10.30	34.79	25.07	-13.21	9.83	8.20	-5.07	17.43	5.99	6.49	11.54	
2784	1799	156	65.38	119.79	8.56	70.72	0.00	0.00	0.00	0.17	-17.68	16.52	7.82	18.50	9.47	20.88	15.74	14.22	4.73	13.60	7.06	12.46	-3.71	
2801	2391	191	69.63	111.55	6.56	54.34	13.84	15.57	15.38	7.12	13.50	7.68	2.11	-11.20	10.01	-6.33	1.12	-5.81	5.75	5.84	-4.39	31.25	10.13	
2802	2789	196	72.45	188.13	11.07	99.25	45.00	41.88	14.60	1.28	1.80	1.13	7.03	8.81	26.42	-7.75	10.71	3.55	-0.60	18.16	7.98	1.46	6.68	
2871	544	196	63.27	111.90	6.58	55.91	-4.47	18.65	16.78	20.95	4.20	2.38	4.83	-11.30	24.60	7.79	1.10	5.49	2.19	20.67	-4.12	0.00	2.16	
2875	7397	231	75.76	301.02	17.71	154.26	27.26	21.09	21.05	13.38	10.20	21.07	1.81	32.09	61.98	5.59	1.36	4.76	11.79	24.48	17.92	17.21	7.98	
2914	5518	212	71.23	234.74	13.81	119.90	19.86	38.65	1.31	17.65	-1.83	11.60	12.34	24.28	12.06	15.61	15.06	2.43	11.26	20.27	13.14	10.47	10.58	
2929	-526	60	61.67	-148.82	-13.53	-55.96	0.00	0.00	0.00	0.00	0.00	0.00	7.71	9.55	39.46	11.76	4.05	-105.66	-28.57	-44.19	-57.02	-7.23	21.33	
3002	307	179	67.60	62.71	3.69	39.11	-13.41	19.88	4.25	16.34	7.86	8.08	-6.11	0.30	-5.23	14.35	-4.93	15.34	-1.32	-3.58	7.72	2.58	0.60	
3003	1011	167	60.48	42.87	2.52	31.87	-7.71	40.75	31.80	2.76	-24.48	5.86	16.55	-9.36	25.25	-22.65	8.38	-20.34	-44.68	-2.85	33.43	8.46	1.68	
3010	1128	147	72.11	208.13	12.24	94.00	68.75	14.24	20.64	12.12	-0.95	18.18	2.99	7.53	13.99	-106.67	15.87	48.57	17.50	16.33	23.33	22.67	13.04	
3011	-850	127	70.87	269.31	17.95	-17.19	15.79	-67.91	35.54	-1.79	0.00	0.00	0.61	-31.61	73.83	41.67	18.18	120.00	1.41	22.86	12.31	25.26	3.17	
3064	-31	117	61.54	103.31	9.39	-0.88	0.00	0.00	0.00	0.00	0.00	0.00	7.87	16.36	42.42	1.06	12.38	6.70	5.31	15.63	12.64	-11.25	-5.83	
3086	880	113	69.03	38.86	3.89	35.54	0.00	0.00	0.00	0.00	0.00	0.00	0.00	-1.30	20.74	-3.03	0.00	-4.08	-6.71	1.44	15.75	12.08	3.97	
3092	1862	112	70.54	157.04	15.70	39.62	0.00	0.00	0.00	0.00	0.00	0.00	0.00	8.73	53.43	11.77	35.08	30.40	8.38	6.37	-4.11	3.80	3.19	
3101	363	206	66.02	163.27	9.60	92.37	3.02	10.29	0.49	12.16	5.75	0.51	4.83	5.34	43.78	13.23	9.43	10.19	0.00	16.75	5.41	7.25	14.83	
3103	319	195	69.74	272.62	16.04	128.11	25.26	30.89	13.10	-2.36	4.88	2.41	24.66	24.60	32.26	34.31	26.74	15.15	-3.64	14.49	8.82	9.38	11.67	
3104	440	172	69.77	286.64	16.86	116.40	-4.26	21.43	37.21	62.02	17.50	16.60	3.26	18.97	25.24	48.12	10.22	19.51	-30.16	22.97	2.81	11.54	3.65	
3105	451	201	62.69	54.55	3.21	26.42	15.26	2.03	17.00	25.00	1.02	11.00	8.93	9.84	-20.95	22.64	-3.30	-17.70	-12.71	3.73	-11.21	-0.86	4.81	
3107	-434	147	65.99	-17.00	-1.00	-60.36	15.83	12.18	9.57	23.31	20.65	-114.05	-34.63	3.16	15.85	-8.43	-4.85	14.61	-3.49	18.00	6.59	10.19	-1.48	
3109	342	163	73.62	253.94	14.94	127.14	37.76	0.00	35.29	23.91	-9.58	6.69	16.60	16.58	56.47	-13.93	11.36	18.87	13.82	23.18	8.89	4.96	3.06	
3110	116	192	65.10	48.74	2.87	17.19	-14.97	-0.94	19.05	14.79	13.91	21.41	6.96	-10.80	-8.70	-5.08	18.72	-34.84	-5.81	4.85	14.96	-7.11	22.34	
3113	221	157	66.88	218.90	12.88	7.39	20.95	-39.04	32.86	5.36	-30.77	6.35	33.79	8.33	21.28	54.55	-16.67	29.71	23.21	30.26	17.59	12.17	8.96	
3204	1892	130	70.77	187.12	13.37	82.26	0.00	0.00	0.00	-1.23	-19.71	16.52	2.44	25.87	25.00	31.52	34.57	28.36	7.69	32.94	1.39	3.89	-2.13	
3231	2040	111	67.57	91.75	8.34	52.99	0.00	0.00	0.00	0.00	0.00	0.00	4.70	1.43	12.84	28.13	6.22	9.27	-3.18	4.95	11.37	1.68	14.35	
3236	-2107	65	55.38	-171.27	-17.13	-21.24	0.00	0.00	0.00	0.00	0.00	0.00	0.00	-26.51	19.42	-38.12	-70.17	-38.59	6.52	-94.00	26.60	12.69	30.89	
3250	17	77	54.55	44.42	4.44	25.00	0.00	0.00	0.00	0.00	0.00	0.00	0.00	18.18	4.55	-41.67	10.34	14.29	9.09	-48.53	31.11	33.33	13.73	
3315	747	138	73.91	255.98	19.69	149.40	0.00	0.00	0.00	0.00	-6.62	15.75	-9.97	62.00	46.51	29.17	36.81	5.52	17.52	39.73	14.56	5.00	0.00	
3318	230	67	65.67	79.73	6.64	20.74	0.00	0.00	0.00	0.00	14.97	4.36	0.00	-6.40	-2.47	26.13	2.04	44.96	-70.87	1.57	34.52	35.53	-4.62	
3323	492	112	62.50	184.96	14.23	29.96	0.00	0.00	0.00	0.00	5.36	-5.33	31.98	20.42	25.77	41.67	31.58	16.13	11.76	-30.95	-6.52	18.92	24.18	
3350	727	96	65.62	31.25	2.40	31.24	0.00	0.00	0.00	0.00	5.89	19.25	17.65	14.79	10.34	-23.81	25.00	-22.73	-26.83	-30.47	16.67	16.13	9.38	
3382	2145	132	67.42	51.21	4.27	35.87	0.00	0.00	0.00	0.00	0.00	-8.76	-14.75	7.49	9.94	9.16	-1.32	-2.05	0.29	21.37	11.25	9.00	9.59	
3401	519	215	63.72	95.40	5.61	61.64	22.35	2.05	8.94	3.83	0.00	5.13	14.01	1.34	31.26	-9.26	0.60	6.74	2.54	11.88	-0.61	-4.70	-0.71	
3402	731	194	68.56	105.78	6.22	64.80	-3.69	-3.25	22.98	-3.92	12.69	-6.30	3.14	11.21	24.32	15.80	5.79	11.97	-7.58	12.17	-4.49	6.74	8.21	
3405	3064	215	73.49	240.31	14.14	193.43	9.21	-2.03	7.50	25.16	9.02	15.76	15.49	18.53	51.28	16.74	14.16	20.10	0.77	3.51	11.80	13.13	10.17	
3407	1176	228	68.86	156.12	9.18	101.91	6.03	12.38	5.60	-1.91	-1.83	-3.21	14.00	6.64	38.29	6.13	7.66	7.98	6.01	13.23	-0.46	18.28	21.29	
3408	281	183	69.40	217.73	12.81	106.04	19.66	45.28	25.00	20.10	-2.80	-23.94	-15.47	5.94	25.62	22.77	24.84	8.46	-11.04	48.29	13.24	10.60	1.17	
3431	315	130	68.46	148.61	10.61	82.89	0.00	0.00	0.00	11.11	4.47	12.50	14.39	36.77	59.65	5.77	2.36	-37.98	20.90	18.70	10.65	5.00	-15.69	
3436	1445	144	60.42	44.73	3.73	23.12	0.00	0.00	0.00	0.00	0.00	-8.79	13.49	4.32	14.08	10.11	-2.44	4.14	-3.74	-23.10	-20.35	23.68	33.33	
3521	167	129	74.42	234.94	13.82	74.89	23.91	24.35	119.36	22.50	-4.35	-21.15	14.80	31.71	-35.62	26.32	11.76	20.93	20.83	6.78	10.00	-55.56	18.37	
3528	364	171	67.84	274.58	16.15	129.54	43.24	23.96	28.12	30.37	27.14	-3.91	16.85	9.31	12.33	57.14	-13.79	13.33	20.00	-9.35	-12.63	20.93	11.54	
3529	351	189	68.78	213.41	12.55	147.48	34.88	-3.36	17.39	2.83	29.14	16.23	23.95	26.48	4.65	25.00	0.00	5.77	9.35	15.20	0.00	3.33	2.56	
3606	500	88	73.86	101.85	7.83	23.75	0.00	0.00	0.00	0.00	-7.31	11.80	9.79	5.75	-2.06	17.47	-2.76	9.02	21.38	23.95	1.69	9.92	3.20	
3765	461	112	62.50	46.76	3.90	35.74	0.00	0.00	0.00	0.00	0.00	-28.77	25.33	30.99	35.90	-32.00	-10.71	-8.70	-28.57	29.92	11.21	12.46	9.71	
3776	-335	97	61.86	85.09	7.09	-11.95	0.00	0.00	0.00	0.00	0.00	-26.75	19.26	-23.17	18.49	7.78	12.50	23.41	15.91	-44.86	12.77	30.60	39.15	
3778	-167	92	65.22	-34.83	-2.90	-8.60	0.00	0.00	0.00	0.00	0.00	-2.98	9.79	4.82	-35.35	1.59	7.42	19.77	14.06	11.60	4.03	-87.15	17.56	
3779	991	99	69.70	330.49	27.54	46.09	0.00	0.00	0.00	0.00	0.00	-3.26	19.63	38.64	20.93	56.67	33.33	58.46	30.21	41.74	11.11	-3.45	26.47	
3782	-587	95	61.05	-41.25	-3.44	-4.66	0.00	0.00	0.00	0.00	0.00	-65.18	29.47	7.22	-17.61	-80.68	29.46	21.15	26.42	-11.18	-26.15	15.82	30.00	
3807	290	99	65.66	90.89	8.26	48.66	0.00	0.00	0.00	0.00	0.00	0.00	4.29	10.60	7.46	-70.00	61.29	27.14	14.04	-21.00	44.13	17.16	-4.21	
3843	21	93	63.44	-51.46	-5.15	1.01	0.00	0.00	0.00	0.00	0.00	0.00	0.00	35.67	17.01	-0.50	3.80	-17.03	24.04	-119.58	3.91	6.90	-5.69	
3853	312	74	66.22	32.72	3.27	21.52	0.00	0.00	0.00	0.00	0.00	0.00	0.00	-34.06	1.79	41.25	-22.61	19.85	13.54	-3.06	0.27	-30.53	46.28	
3861	293	206	64.08	30.78	1.81	38.00	8.30	9.85	16.25	-5.22	4.24	3.63	14.15	5.76	22.93	-15.56	6.76	1.91	-24.18	-21.79	7.78	-17.78	13.74	
3864	46	163	60.74	38.61	2.27	16.85	-40.38	36.36	-5.07	14.86	-5.85	21.98	4.76	19.63	-35.04	-15.66	10.17	-4.76	8.64	-2.88	14.41	7.92	9.52	
3865	552	190	62.63	61.58	3.62	57.86	11.84	22.87	36.48	4.72	9.36	0.52	-6.22	0.00	-17.74	-15.17	0.68	-1.09	-17.52	10.32	15.12	-5.58	12.99	
3941	579	203	61.58	76.89	4.52	61.27	-4.69	-16.75	18.89	6.17	-0.19	4.96	14.18	19.79	8.10	5.07	5.98	6.14	-12.34	2.69	5.86	13.01	0.00	
4004	5537	201	69.15	226.18	13.30	108.57	46.59	15.88	14.29	9.68	10.86	-7.16	2.94	10.98	44.53	27.44	8.84	16.17	-9.09	23.21	-4.47	1.80	13.69	
4005	814	217	66.36	122.20	7.19	77.23	6.98	-1.96	29.66	-5.01	13.79	6.76	5.79	1.31	10.62	33.40	14.29	16.63	-22.85	1.53	-3.66	23.35	-8.44	
4021	947	191	63.35	43.89	2.58	29.92	22.12	-12.55	-4.32	5.31	-5.26	-5.44	0.00	7.27	4.20	-0.22	9.57	-2.94	-0.43	5.82	-1.60	9.60	12.76	
4022	409	186	68.82	155.73	9.16	63.02	23.56	0.00	4.76	18.44	11.04	-13.46	26.66	0.71	33.98	11.64	3.28	25.90	3.65	-29.96	11.89	12.32	11.30	
4023	1250	214	71.50	237.70	13.98	187.41	30.65	23.91	20.67	7.36	6.89	9.18	8.70	19.05	39.34	41.94	12.32	6.67	-13.03	1.16	13.21	10.18	-0.47	
4028	388	191	68.59	220.07	12.95	132.88	13.64	17.12	16.06	24.37	20.00	8.19	-4.35	-2.07	-4.80	-19.42	7.14	51.43	6.76	41.74	26.15	12.68	5.43	
4041	174	197	61.93	42.68	2.51	20.19	2.44	8.33	-8.25	-3.03	17.85	-8.43	1.08	13.26	-12.14	6.06	-7.73	14.02	11.47	13.56	4.39	-9.74	-0.45	
4042	74	203	58.13	32.83	1.93	9.45	12.06	8.01	-4.30	7.58	3.57	8.55	9.03	-9.58	20.91	-29.93	18.75	3.48	16.10	-2.01	-3.84	-9.45	-16.10	
4043	1287	189	61.90	161.54	9.50	61.43	33.79	-1.77	6.02	1.40	10.41	0.72	2.91	11.15	24.86	34.50	9.90	-0.67	11.03	5.88	-6.74	-13.45	31.60	
4044	269	175	64.00	49.20	3.08	29.43	-0.82	-17.44	27.59	4.10	14.11	0.00	-1.86	-9.50	13.23	19.44	5.08	-3.23	6.51	14.72	-11.03	-1.00	-10.69	
4045	877	196	64.29	123.70	7.28	69.06	-4.21	28.63	0.53	20.00	0.00	9.11	5.51	13.22	0.70	37.97	9.49	-2.56	-3.75	11.95	3.24	-16.54	10.42	
4061	628	199	70.35	137.13	8.07	102.95	22.53	22.00	13.42	0.00	-7.49	1.62	1.86	7.05	20.44	-14.98	11.23	8.24	9.70	20.30	9.11	-1.62	13.72	
4062	6586	211	70.62	169.75	9.99	66.39	6.42	7.00	3.13	13.92	3.54	-8.42	12.65	23.29	10.80	34.24	5.58	20.07	4.14	33.13	-7.24	2.17	5.34	
4063	13131	218	69.27	202.71	11.92	149.73	25.93	37.26	20.17	13.18	0.90	2.93	14.52	14.71	25.44	-3.28	1.50	4.16	0.10	8.77	6.87	7.78	21.77	
4064	-235	178	68.54	57.01	3.35	-30.36	-8.72	-18.71	4.59	61.11	1.27	10.40	35.24	15.23	46.53	18.10	-2.68	9.33	-70.82	-59.82	4.76	10.50	0.69	
4091	1195	195	69.74	172.92	10.17	68.64	42.29	25.52	5.76	2.37	5.37	5.71	8.92	16.49	19.32	22.24	8.90	15.20	6.86	-14.51	-19.42	-10.57	32.48	
4092	672	187	71.12	213.32	12.55	133.86	3.39	5.24	12.50	14.21	24.53	2.58	4.99	9.78	37.31	19.37	21.21	19.57	4.49	17.79	-22.22	17.83	20.76	
4114	7045	195	69.23	116.71	6.87	75.92	10.76	19.63	0.00	3.33	9.23	-2.01	5.24	9.94	0.70	-6.32	11.54	3.89	11.20	-10.34	9.89	28.07	11.95	
4118	1732	205	74.63	181.34	10.67	110.11	12.95	4.62	15.83	17.05	8.97	6.89	18.31	7.56	34.86	9.68	2.57	8.17	5.18	30.30	4.15	3.56	-9.31	
4151	1338	170	67.06	122.02	7.18	58.17	25.95	16.92	3.61	23.78	9.21	-4.73	2.37	32.45	10.29	-10.49	3.35	-3.81	1.25	5.06	9.33	-9.74	7.23	
4182	1447	218	67.89	168.82	9.93	99.79	4.66	-20.66	1.23	15.12	13.83	-5.99	16.48	28.74	41.21	14.21	13.86	7.37	5.50	9.57	2.53	4.99	16.16	
4183	560	201	61.19	60.94	3.58	51.00	7.16	1.90	22.17	15.42	8.41	-1.46	-1.26	11.93	17.12	-43.49	14.13	-2.19	-9.96	0.00	2.21	8.84	10.02	
4185	5768	255	74.12	311.51	18.32	160.67	59.39	39.80	15.26	7.62	29.55	14.12	7.38	17.85	36.21	18.18	14.45	24.54	8.64	-5.96	-13.77	19.61	18.65	
4188	1125	155	65.81	155.75	12.98	104.55	0.00	0.00	0.00	0.00	0.00	1.70	1.55	25.00	41.39	19.64	3.08	3.21	7.42	4.60	6.21	7.18	34.78	
4202	1884	217	71.89	277.65	16.33	110.50	12.78	20.87	29.27	6.01	11.63	-0.35	32.65	4.57	74.57	27.42	6.69	11.71	9.11	18.41	10.24	-3.28	5.36	
4203	1101	211	64.45	141.40	8.32	74.39	2.70	19.95	6.67	-8.44	5.43	0.44	23.78	5.82	20.19	31.41	3.28	2.75	9.13	9.36	1.28	3.14	4.52	
4204	1192	192	64.58	109.52	6.44	70.74	-33.68	-2.50	14.59	4.63	5.35	4.31	16.26	5.00	42.32	12.46	2.91	-3.88	10.36	10.50	0.00	8.72	12.18	
4205	1180	210	64.29	120.06	7.06	72.93	-2.25	1.29	-6.23	9.03	10.64	0.28	12.05	4.42	59.72	-8.81	4.55	11.03	-0.90	8.25	16.70	4.58	-4.28	
4208	493	202	68.32	165.29	9.72	112.05	19.41	6.67	6.03	8.33	-4.17	10.48	5.71	17.95	10.78	31.49	6.67	12.45	7.14	1.35	3.74	6.75	14.50	
4217	2988	206	65.53	133.53	7.85	86.86	28.35	-4.17	22.20	-10.19	14.53	-0.57	15.84	2.49	-17.18	25.50	7.15	16.82	7.89	8.90	9.38	2.32	4.27	
4272	1103	196	70.41	125.03	7.35	67.96	27.65	19.57	8.36	23.75	7.33	2.13	4.25	4.94	-0.76	1.75	12.57	-15.17	-0.36	11.10	0.65	12.08	5.19	
4307	3984	181	67.40	128.03	8.00	79.92	0.00	-6.71	-12.16	-20.21	21.38	-1.32	23.72	21.65	26.07	20.15	5.85	7.31	6.63	16.66	7.83	10.73	0.45	
4321	1204	105	68.57	55.05	4.59	35.73	0.00	0.00	0.00	0.00	40.10	0.00	34.72	-12.98	-1.42	-47.48	0.00	13.22	-11.11	2.98	11.14	7.47	18.40	
4324	3406	190	64.74	74.08	4.63	50.01	0.00	4.45	-4.35	7.05	20.12	4.16	10.36	5.95	15.63	-2.20	-1.71	-6.48	-10.15	1.12	5.89	2.94	21.30	
4347	2113	123	70.73	320.36	22.88	115.34	0.00	0.00	14.81	82.60	46.81	13.02	34.61	23.16	30.34	-6.88	-6.61	31.06	0.00	5.64	29.06	14.90	7.84	
4403	1246	192	71.88	220.43	12.97	113.69	8.71	9.31	20.63	22.80	-11.29	1.65	18.18	16.84	48.12	0.92	23.98	11.84	1.93	16.20	8.99	6.75	14.86	
4452	5326	222	71.62	157.08	9.24	81.95	33.76	14.18	5.14	18.81	7.09	3.88	0.00	4.03	29.17	11.62	11.69	4.42	1.26	-7.92	6.71	12.08	1.16	
4502	9348	204	71.57	137.43	8.08	113.86	33.86	40.93	15.53	5.80	4.31	0.60	4.34	3.78	27.56	-1.47	2.47	-0.51	-0.28	4.19	3.63	-0.03	-7.28	
4503	2228	210	70.95	186.53	10.97	111.57	16.24	21.63	-13.04	20.09	1.55	-2.62	-4.51	8.46	52.83	15.29	5.42	8.17	9.86	-12.24	23.44	23.79	12.18	
4506	24	172	56.40	7.22	0.42	1.23	2.92	2.51	4.18	-18.06	4.42	-10.44	4.01	-7.15	12.95	18.85	-1.86	3.66	5.03	5.94	4.09	-16.77	-7.05	
4507	3400	191	65.45	103.91	6.11	56.57	19.19	38.71	12.39	4.22	8.67	2.00	-7.39	2.13	11.59	-2.64	3.05	-6.54	4.03	-6.11	-8.76	16.25	13.13	
4508	3593	224	71.88	234.43	13.79	149.52	9.87	21.94	23.40	1.54	32.68	9.86	12.70	18.55	22.55	15.67	6.54	-8.44	4.95	13.54	3.18	34.08	11.80	
4519	5389	186	73.66	220.99	13.00	110.09	15.21	21.08	3.47	39.71	6.43	16.49	19.76	-11.50	29.72	22.59	1.53	5.71	1.66	-8.46	13.97	22.47	21.14	
4523	6262	189	69.84	125.63	7.39	70.83	2.08	5.47	-1.72	17.79	10.98	7.49	10.41	6.14	27.75	-3.85	6.85	7.79	1.29	3.55	-0.31	15.37	8.55	
4543	1381	180	65.56	50.24	2.96	28.89	4.38	9.77	-6.53	10.84	6.48	1.65	-0.75	11.26	-7.44	-10.08	11.94	12.14	-11.35	-3.63	8.75	-3.11	15.90	
4563	2512	128	74.22	199.14	13.28	57.68	0.00	0.00	13.67	-32.51	15.69	5.88	40.74	6.74	27.98	6.74	2.95	27.70	3.75	-5.35	24.28	27.00	33.89	
4564	1006	109	73.39	151.96	10.85	82.93	0.00	0.00	0.00	20.36	21.10	7.18	36.20	-51.67	23.33	3.22	16.46	14.71	18.46	30.73	-40.56	46.32	6.13	
4568	1461	118	57.63	33.69	2.81	38.45	0.00	0.00	0.00	0.00	0.00	2.25	18.13	12.89	23.52	-5.80	6.79	4.32	-1.65	-16.45	-1.21	-13.28	4.18	
4612	1104	206	71.84	189.07	11.12	22.74	32.55	14.32	27.55	5.11	4.77	7.44	18.80	5.35	38.48	13.92	3.58	13.96	3.17	10.10	-16.51	19.49	-13.00	
4613	1611	211	69.19	194.64	11.45	75.70	14.73	-0.55	12.58	6.72	11.94	-10.10	5.36	17.82	71.41	27.25	3.32	16.14	-1.36	13.99	-10.40	1.50	14.28	
4631	7427	223	67.71	188.80	11.11	129.39	27.94	-3.31	13.09	22.75	-8.82	-6.09	18.86	31.53	31.86	10.75	5.39	-7.92	35.12	16.51	3.33	-5.61	3.41	
4634	701	202	71.78	156.62	9.21	115.87	4.40	41.61	8.02	-1.22	3.81	8.23	2.35	8.17	29.25	-2.54	7.14	4.10	-3.57	3.45	10.91	4.83	27.68	
4651	695	156	62.82	-26.73	-1.57	8.91	27.24	-1.00	-27.73	24.55	-5.34	-9.62	-17.01	20.71	-30.00	10.05	22.22	-31.43	-8.25	-41.43	11.56	37.30	-8.58	
4661	2767	157	61.78	51.59	3.22	28.11	24.13	-9.21	0.65	-2.94	2.80	0.00	-2.35	-12.03	16.28	-0.40	1.32	13.61	5.59	-5.65	-8.66	12.46	15.99	
4666	2180	199	69.35	190.35	11.20	60.89	69.45	15.57	20.19	22.56	9.82	-14.72	30.32	17.84	0.87	-12.25	8.99	9.92	0.97	2.65	3.82	2.81	1.54	
4676	7877	163	58.28	99.49	5.85	66.75	50.34	20.10	2.18	21.41	0.97	-11.47	11.88	0.00	7.28	4.28	4.25	-4.00	-6.58	-7.57	9.74	-4.42	1.11	
4680	1933	172	59.88	53.70	3.16	36.06	34.21	-1.78	5.26	6.82	16.47	-4.74	15.86	-9.15	-2.82	8.21	-22.50	16.74	-7.32	-5.93	-0.78	4.04	1.12	
4689	856	169	65.68	146.73	10.48	109.04	34.01	-34.75	37.80	20.78	15.74	-14.65	24.71	10.41	1.33	16.06	0.00	5.52	0.00	17.39	8.04	4.35	0.00	
4704	3576	163	69.94	69.32	4.08	44.01	28.37	-5.31	19.86	-5.39	-4.44	12.37	2.61	-9.09	17.22	0.70	5.09	9.09	3.80	-6.70	4.62	-4.63	1.14	
4732	979	182	67.03	147.64	8.68	41.38	11.59	-4.94	12.45	29.60	29.01	0.22	-0.37	12.58	-0.84	28.83	11.27	-0.16	9.37	20.73	-4.79	-17.62	10.71	
4751	6323	195	71.79	312.61	18.39	121.13	31.81	52.07	23.47	-8.86	65.40	5.42	66.17	14.28	7.11	28.52	11.06	13.35	0.90	5.94	0.59	5.75	-10.35	
4755	630	151	69.54	114.06	8.77	38.91	25.09	30.40	24.86	-18.57	7.53	-26.75	19.34	28.39	7.21	0.00	0.00	0.00	0.00	10.38	-10.26	3.04	13.40	
4813	8312	192	69.27	199.27	12.45	77.44	0.00	0.55	4.01	20.94	15.80	4.89	35.62	-14.17	13.78	11.02	27.84	13.88	-3.65	22.92	8.51	32.73	4.60	
4842	4239	164	70.73	246.09	15.38	125.04	0.00	20.54	44.08	11.07	37.24	14.45	40.16	11.72	-40.62	16.31	20.83	37.88	2.16	-2.71	13.54	12.32	7.11	
4848	-128	93	60.22	-126.39	-9.72	-2.44	0.00	0.00	0.00	-6.46	-6.17	0.00	14.12	-3.33	-62.05	36.19	-94.44	30.71	3.00	-42.82	-11.99	4.45	12.39	
4901	8151	213	69.01	171.42	10.08	150.39	34.90	28.54	6.51	2.96	-0.26	1.72	5.25	12.92	42.59	15.37	11.72	-4.77	-15.90	4.26	18.48	5.33	1.80	
4902	2297	203	67.98	175.68	10.33	100.75	16.68	26.14	6.75	5.16	14.63	14.03	12.23	21.23	-2.73	23.65	2.12	-10.63	12.16	11.36	13.37	2.60	6.93	
4911	3652	216	68.52	170.96	10.06	114.88	10.09	17.19	22.89	9.42	1.79	0.37	11.46	13.67	19.20	24.89	-9.79	5.36	-8.51	3.35	23.39	11.61	14.57	
4912	1037	208	71.15	154.68	9.10	59.29	24.95	13.54	12.40	22.58	8.98	6.78	-11.24	18.73	38.28	6.18	3.69	5.14	-5.62	-6.52	0.61	8.95	7.26	
4974	2262	84	76.19	134.78	11.23	60.16	0.00	0.00	0.00	0.00	0.00	-26.59	-9.21	16.15	39.25	20.96	-7.92	32.11	-21.14	33.86	30.33	15.93	11.05	
5002	1627	208	70.67	165.46	9.73	108.83	47.06	14.06	5.06	20.29	15.85	15.26	7.70	-4.15	19.20	7.84	0.15	-5.64	0.88	4.87	11.01	13.28	-7.28	
5009	3844	175	72.57	324.96	21.66	139.28	76.92	34.19	12.73	46.49	26.00	-5.07	14.76	14.73	16.67	16.33	25.00	32.43	-2.74	8.23	0.00	8.30	0.00	
5012	1723	198	68.69	174.50	10.26	130.04	32.03	46.88	3.47	12.40	2.25	4.98	1.43	4.60	32.92	0.92	-4.11	3.45	-5.10	11.77	7.23	0.75	18.65	
5019	990	115	62.61	41.48	3.77	26.40	0.00	0.00	0.00	0.00	0.00	0.00	-4.80	-2.29	22.64	-10.76	17.43	-2.48	5.97	8.99	5.81	-3.45	4.43	
5101	2275	209	69.38	190.60	11.21	79.16	-4.65	22.36	20.29	14.12	1.11	5.29	6.82	8.84	65.13	3.78	16.23	6.21	5.39	-0.63	11.40	2.96	5.95	
5103	368	126	76.19	310.93	18.29	7.36	-37.00	54.79	14.71	51.28	35.29	16.13	46.34	-18.13	74.17	4.88	17.14	-23.64	12.79	33.64	4.76	19.89	3.88	
5105	1225	185	62.70	90.70	5.67	43.09	28.83	-12.29	0.87	13.38	0.00	-0.30	9.63	3.08	26.88	-37.67	19.72	15.22	-4.00	0.17	5.08	25.61	-3.51	
5108	5093	184	75.00	208.67	12.27	109.53	16.50	-12.81	26.89	5.82	2.54	4.69	9.98	2.64	42.05	41.18	2.31	21.33	8.25	24.60	2.47	3.03	7.17	
5110	2667	223	72.20	253.27	14.90	116.11	37.67	15.34	13.27	3.14	11.08	4.71	-1.79	21.38	55.12	31.40	22.59	12.72	-1.83	4.04	0.38	21.77	2.30	
5196	413	160	68.12	232.37	13.67	60.74	10.17	41.56	57.89	8.43	-0.36	6.19	11.54	23.01	22.73	44.76	21.00	6.71	-14.60	1.73	6.65	-0.64	-14.41	
5201	531	212	62.26	59.75	3.51	31.70	20.75	5.98	16.46	18.42	-1.17	-14.27	-7.94	0.90	0.56	21.80	10.49	5.91	-6.09	0.13	1.95	-6.05	-8.09	
5202	-301	199	62.81	75.61	4.45	-15.93	-35.50	3.06	-9.62	21.14	-17.22	4.81	0.26	19.28	22.67	-14.83	5.14	1.59	0.00	32.17	-1.32	15.56	28.42	
5214	1598	196	65.31	112.35	6.61	71.56	4.11	7.13	-16.83	17.24	9.68	12.32	3.72	11.29	20.94	32.18	-8.51	4.92	11.81	14.19	-5.88	-3.72	-2.24	
5232	518	168	65.48	150.52	8.85	85.06	17.57	31.70	10.14	11.11	8.11	3.56	-5.30	1.77	12.06	27.67	9.57	10.55	-7.51	1.25	1.59	4.13	12.55	
5233	285	204	69.61	158.50	9.32	54.29	32.80	-18.62	0.40	18.46	9.21	5.61	-9.71	-11.20	9.70	36.61	11.94	63.25	-4.67	12.00	8.11	6.13	-11.52	
5301	703	183	66.67	153.98	9.06	49.02	29.33	15.41	13.04	31.82	2.13	2.86	-1.96	18.13	-4.95	15.93	4.15	13.17	4.93	-1.44	7.14	2.86	1.43	
5302	357	161	65.22	168.07	9.89	44.07	5.48	11.60	37.78	49.42	20.69	-10.82	52.18	-3.33	-19.06	11.88	-0.35	15.69	11.73	5.53	4.05	2.79	-27.20	
5332	-244	179	59.22	20.03	1.18	-5.55	14.50	5.44	-11.72	-5.18	-10.50	9.43	2.69	8.75	26.33	-12.84	9.38	1.52	-0.16	28.40	-6.80	-25.80	-13.42	
5333	721	183	60.66	20.00	1.18	18.97	-1.51	0.27	-14.86	10.50	7.68	-14.56	10.35	11.32	-6.94	21.30	9.49	-1.49	-4.53	-18.84	6.92	2.28	2.63	
5334	2211	217	66.82	132.10	7.77	59.60	-1.28	-14.78	14.89	18.88	5.63	-11.17	0.81	-5.11	31.37	31.14	11.38	14.54	6.93	-3.86	20.49	19.92	-7.70	
5352	379	188	67.02	226.20	13.31	51.63	43.33	12.02	30.16	70.52	30.34	-8.17	-11.17	15.71	-17.56	21.62	-25.37	-7.75	18.84	30.88	11.24	1.20	10.36	
5391	476	178	74.16	314.68	18.51	162.46	4.68	37.21	-2.94	15.74	43.64	6.14	33.72	28.14	22.97	2.13	32.91	26.92	6.19	7.65	27.50	10.59	11.49	
5393	407	156	70.51	128.75	7.57	34.35	-6.89	10.00	19.71	16.92	8.76	-12.17	1.79	-18.99	33.76	20.69	7.14	19.27	4.40	19.17	12.41	-1.43	-5.80	
5401	5231	205	66.34	115.39	6.79	56.19	6.91	4.65	13.49	18.07	-10.36	-2.51	-9.11	13.64	28.57	17.59	9.67	14.98	-12.04	2.65	3.58	6.24	9.37	
5406	474	205	61.46	133.49	7.85	91.68	-2.70	5.75	16.67	11.03	3.37	19.50	1.19	38.49	30.53	14.57	17.45	7.02	-15.17	-7.82	0.49	6.02	-12.90	
5408	489	168	64.29	143.58	8.45	75.46	-1.78	-6.53	24.35	-20.80	14.99	19.91	15.87	15.96	23.48	2.47	14.20	8.80	3.90	-5.41	13.48	11.32	9.38	
5410	632	208	68.27	183.75	10.81	74.88	48.85	4.29	11.00	8.15	-15.76	19.44	3.44	33.71	23.43	-1.29	2.90	6.54	1.80	25.96	6.32	7.42	-2.45	
5411	1836	169	67.46	27.83	1.86	21.86	0.00	0.00	10.27	9.29	-5.34	0.75	-1.70	7.74	17.89	3.19	6.71	-6.67	-21.00	-6.30	-2.42	1.58	13.85	
5423	828	193	63.73	33.11	1.95	32.47	9.72	-2.40	16.14	-29.41	-14.39	5.19	15.65	21.47	19.28	16.21	-5.35	10.05	-24.87	-21.64	-1.10	3.75	14.80	
5471	473	194	62.89	101.55	5.97	41.13	23.41	1.73	15.52	2.62	18.31	-32.05	9.22	26.63	22.60	19.13	-7.82	1.57	-15.87	-1.18	0.22	1.81	15.70	
5476	641	172	72.67	363.08	21.36	191.34	43.17	8.18	62.20	14.62	29.94	14.63	33.23	31.03	46.86	19.47	7.02	20.00	-7.37	21.43	13.68	0.00	5.00	
5480	728	180	71.67	184.24	10.84	45.16	41.07	13.86	0.00	23.12	-46.67	27.39	14.52	8.37	14.77	7.27	11.62	3.27	16.99	-11.02	20.18	4.81	34.67	
5481	1042	213	69.95	207.94	12.23	72.77	37.79	-31.06	54.33	57.78	9.30	-9.25	22.77	46.99	48.86	-14.48	1.97	6.52	-7.25	-17.70	-0.97	-4.28	6.62	
5482	1313	205	73.17	214.98	12.65	109.42	17.01	15.38	20.13	21.33	4.84	-7.23	8.58	38.66	20.31	29.76	12.64	7.00	12.91	7.75	5.54	3.79	-3.45	
5486	1394	191	63.35	104.31	6.14	69.01	1.78	0.00	7.87	5.05	12.13	-6.25	27.60	16.70	18.09	-9.09	6.18	16.37	-12.12	7.60	16.71	-2.43	-1.90	
5491	749	210	74.29	343.51	20.21	124.83	41.98	19.42	17.24	47.14	-11.07	21.17	35.87	20.33	22.56	14.36	16.57	24.12	18.45	25.90	18.29	7.69	3.48	
5541	584	179	62.01	100.37	5.90	24.59	42.94	27.19	-15.20	-4.07	9.39	11.97	6.90	-1.77	31.48	-10.66	6.66	-2.66	-5.74	-2.89	-1.44	2.26	6.02	
5563	257	175	66.29	88.06	5.18	18.62	25.98	13.21	11.43	27.27	-42.08	3.28	2.93	6.40	7.83	-11.07	5.29	7.88	9.36	22.76	-4.32	7.82	-5.91	
5602	91	157	67.52	64.87	3.82	19.87	11.43	-10.87	8.12	15.85	-14.44	-14.84	-19.43	-5.38	43.24	7.34	-3.68	-13.21	21.32	17.84	10.37	10.67	0.54	
5631	692	182	70.88	162.01	9.53	30.35	38.46	-12.37	-5.88	40.00	2.79	-13.06	32.51	-0.35	-21.75	37.99	6.66	15.24	8.61	22.30	6.86	2.04	1.94	
5632	884	205	65.37	226.75	13.34	105.24	15.96	7.80	15.84	13.23	-3.78	-18.43	18.33	52.66	59.13	5.88	2.78	19.05	7.88	10.24	8.15	4.64	7.41	
5706	467	204	62.25	84.46	4.97	51.32	9.45	-15.51	-9.80	19.20	4.52	7.55	11.40	18.17	34.71	-16.67	-0.36	18.52	-5.28	4.95	3.37	-3.55	3.81	
5707	83	195	62.56	65.70	3.86	6.93	40.55	10.04	1.52	17.05	-13.81	-15.49	-14.21	11.77	-15.40	-9.22	16.93	4.85	-5.54	0.73	12.50	13.53	9.89	
5711	616	201	65.67	148.31	8.72	80.73	14.80	19.29	9.06	-5.52	14.51	2.93	-10.02	19.92	22.43	20.94	9.12	-0.33	-3.20	15.49	15.24	1.27	2.40	
5713	2721	213	68.08	172.79	10.16	85.30	0.81	13.07	11.42	-8.27	29.12	-1.13	-4.76	11.63	34.06	2.51	21.31	15.42	-14.26	35.11	9.10	13.65	4.00	
5714	1065	203	68.97	117.50	6.91	75.53	-20.85	6.28	22.73	4.04	16.60	13.93	0.81	12.34	18.52	2.73	3.55	12.50	9.61	5.06	15.89	5.64	-11.88	
5715	587	213	70.42	290.84	17.11	172.65	17.85	9.21	28.79	61.07	7.59	17.35	-16.08	17.75	40.50	-3.91	6.48	12.37	6.90	45.42	13.73	12.37	13.44	
5741	518	138	67.39	163.70	14.88	71.06	0.00	0.00	0.00	0.00	0.00	0.00	-7.54	18.57	45.19	38.36	25.75	-14.23	29.01	11.43	6.94	3.65	6.59	
5801	1179	197	61.93	54.95	3.23	32.48	32.84	-3.98	-2.46	-0.43	3.80	3.98	-12.34	0.45	26.84	-2.71	2.23	-6.58	-5.46	8.30	2.07	1.25	7.14	
5802	2731	214	66.82	182.92	10.76	129.74	26.89	-11.85	26.40	6.56	19.03	-4.40	16.26	11.93	2.67	29.73	6.46	1.41	-5.93	15.26	25.53	8.86	8.11	
5803	832	203	60.10	112.48	6.62	58.18	34.68	-14.09	-28.70	34.51	-1.44	-3.81	13.15	-7.61	44.63	15.14	3.63	5.43	-7.51	20.46	1.69	-8.88	11.21	
5805	233	173	64.16	159.47	9.38	84.42	5.43	2.00	9.30	5.00	-15.34	2.96	15.25	1.23	45.88	20.16	12.15	16.67	1.23	15.89	9.60	15.38	-3.33	
5807	3924	171	73.68	176.40	10.38	100.62	23.33	-1.38	22.76	9.33	-25.91	25.44	23.79	13.79	22.06	0.00	13.64	-39.66	-12.79	68.57	11.67	8.34	13.43	
5851	843	215	65.12	181.73	10.69	89.02	16.58	9.20	21.28	31.31	12.31	11.33	35.93	3.70	-8.94	-19.72	-5.21	38.42	22.03	6.11	8.81	-6.63	5.22	
5856	162	104	72.12	299.83	23.06	15.88	0.00	0.00	0.00	0.00	-48.15	-17.65	14.63	18.42	100.00	177.14	9.52	35.14	34.38	0.00	18.99	-43.81	1.22	
5901	2422	215	65.58	119.77	7.05	103.64	40.44	11.65	1.48	31.72	1.72	5.98	-9.51	6.39	28.89	11.41	6.72	-8.25	-10.79	4.88	-6.14	-11.08	14.25	
5912	1643	133	75.19	415.45	24.44	209.83	-19.38	9.03	37.66	52.00	62.89	27.89	71.20	32.79	90.28	4.18	30.34	47.65	-66.16	21.09	7.79	9.31	-3.12	
5929	1480	229	71.62	282.06	16.59	144.11	14.67	25.21	6.58	-7.94	21.14	3.34	8.82	31.64	80.15	8.15	21.83	26.69	11.44	4.80	15.94	6.04	3.57	
5938	5223	224	70.98	242.01	14.24	186.87	15.61	31.08	36.26	17.40	16.81	9.74	29.33	6.23	59.57	4.33	3.62	9.64	-2.94	6.98	9.82	-3.08	-8.37	
5940	579	180	74.44	422.04	24.83	134.65	38.41	53.33	64.71	26.86	17.51	-12.22	40.68	22.31	38.89	29.51	9.09	37.66	13.16	5.12	12.56	20.00	4.46	
5955	2856	178	70.22	406.17	27.08	84.50	44.08	55.46	28.33	60.53	32.43	26.00	12.30	61.82	19.57	-20.93	14.71	12.90	0.00	43.64	9.09	6.25	0.00	
5981	218	199	64.82	115.36	6.79	63.19	28.29	-12.69	20.45	-4.48	19.37	14.04	6.77	20.91	30.87	-39.42	-7.02	0.91	-2.79	29.81	1.57	8.19	0.57	
5991	1088	210	64.29	110.61	6.51	78.84	-21.29	9.84	15.20	12.08	12.75	-9.85	14.62	25.44	15.80	12.75	0.70	5.47	4.44	8.16	-0.80	1.23	4.06	
6101	1231	218	70.18	247.79	14.58	131.66	64.20	4.24	32.93	38.33	1.53	2.78	12.27	13.33	30.94	19.38	0.31	-29.47	9.92	15.56	18.21	8.33	4.98	
6103	574	199	59.80	66.55	3.91	29.41	3.48	24.46	-17.27	22.26	-2.56	-5.89	3.46	29.35	-21.83	15.90	8.22	-2.70	11.71	-11.02	3.40	5.58	0.00	
6104	1740	214	70.56	278.14	16.36	133.64	4.96	4.17	49.72	49.35	-4.79	-8.80	13.75	42.86	48.50	22.28	11.76	3.87	-6.51	13.05	-7.99	6.55	35.40	
6113	2345	227	71.81	253.62	14.92	156.33	21.34	8.48	21.65	23.30	14.96	12.53	24.67	19.40	33.26	23.01	-2.09	23.87	7.08	-2.78	0.54	1.34	23.04	
6135	1559	232	67.24	180.74	10.63	103.93	15.01	14.54	13.57	8.39	3.37	6.68	20.13	-2.93	9.30	29.30	8.04	12.09	-19.20	16.56	10.00	16.25	19.64	
6143	367	182	64.84	78.18	4.60	17.15	8.23	48.57	1.93	1.00	-13.84	-17.68	15.14	8.35	6.81	4.21	-4.70	0.42	7.28	12.46	-22.74	7.24	15.47	
6201	5767	213	66.67	137.66	8.10	75.98	22.38	-3.74	-0.24	-1.09	11.81	3.06	13.27	12.27	7.48	24.73	3.46	1.44	9.23	10.91	10.78	14.89	-2.96	
6203	3065	201	67.66	228.74	13.46	113.52	0.61	27.87	17.44	3.73	6.67	10.00	26.89	4.93	68.81	1.45	24.44	6.73	1.10	15.20	2.75	10.12	0.00	
6205	549	181	70.72	256.28	15.08	107.44	62.00	38.57	28.00	-20.99	-10.55	-5.15	20.00	15.07	38.68	21.30	-5.19	12.95	0.83	55.12	4.91	1.64	-0.92	
6208	519	160	77.50	398.05	23.41	229.65	52.26	-1.45	24.72	26.86	32.93	-16.85	37.17	13.99	52.94	8.43	54.62	33.33	5.95	36.24	8.13	14.85	13.92	
6217	161	193	67.88	113.87	6.70	29.70	-21.84	23.53	-10.92	22.85	-15.89	26.46	15.46	-29.70	-20.07	-4.47	31.09	20.08	26.34	9.05	19.20	11.11	11.59	
6218	403	192	71.35	249.18	14.66	91.80	65.07	20.83	21.48	-14.52	10.92	-2.96	-0.46	-10.20	34.18	1.69	10.77	37.59	-11.00	28.26	19.30	11.90	26.32	
6268	2922	161	68.32	183.01	13.07	88.81	0.00	0.00	0.00	25.14	22.38	-4.51	20.87	3.05	-27.72	28.61	17.06	37.70	22.69	2.71	7.07	9.30	18.67	
6301	4322	210	68.57	227.98	13.41	119.06	-0.42	42.62	29.44	11.31	5.31	3.73	18.14	14.60	26.48	10.87	3.21	8.82	1.18	28.13	6.90	2.64	15.03	
6302	1281	209	68.42	173.66	10.22	89.46	22.57	-16.75	22.15	3.03	-4.29	-1.79	25.45	11.24	33.16	-12.67	-0.50	8.92	14.60	12.28	7.04	17.14	32.07	
6305	3028	201	64.68	99.05	5.83	61.05	-18.09	13.51	-1.48	2.89	-9.18	5.85	41.67	12.10	1.92	17.52	-9.92	19.01	-13.41	-5.83	8.44	1.75	32.32	
6310	356	191	69.63	109.39	6.43	63.23	32.14	-11.22	-8.60	12.54	1.20	4.51	18.65	39.34	12.14	-9.86	-14.24	-6.81	2.88	2.25	12.01	11.79	10.66	
6316	417	184	75.00	323.31	19.02	37.23	58.10	19.14	29.37	52.07	-55.89	-15.62	-9.36	46.19	78.31	39.57	13.76	26.37	3.78	5.39	12.06	11.35	8.72	
6317	833	167	73.05	320.76	18.87	216.93	29.41	16.47	20.72	62.58	39.78	8.29	30.47	25.85	4.23	-5.65	2.78	14.20	6.29	28.50	10.59	10.21	16.03	
6326	2211	210	69.05	181.99	10.71	101.14	4.63	1.94	19.59	-9.00	8.62	14.84	4.16	8.16	38.39	-11.50	20.53	12.46	-0.52	37.45	13.45	8.83	9.97	
6330	607	180	64.44	159.18	9.36	76.74	47.58	-15.60	2.98	17.02	26.95	-37.90	0.63	35.11	35.52	20.05	-3.44	4.07	6.03	20.00	-2.11	1.37	0.91	
6331	601	189	67.72	259.56	15.27	100.33	36.29	19.22	46.67	14.72	17.83	22.76	6.76	10.02	10.48	2.25	0.86	29.09	16.02	32.63	-22.40	-7.30	23.66	
6335	528	162	75.93	239.71	14.10	99.62	24.89	16.20	5.32	2.95	4.46	5.95	8.87	19.48	2.33	17.16	28.33	46.08	41.27	-17.55	14.66	21.59	-2.27	
6343	195	159	66.67	686.15	40.36	209.68	44.44	169.23	50.00	54.55	47.37	34.48	32.26	44.44	46.43	19.23	9.09	33.33	5.26	16.67	37.25	31.58	10.53	
6361	-157	189	59.79	2.95	0.17	-9.69	-7.90	0.52	-12.85	13.57	-2.17	-0.71	-15.78	8.82	30.34	-24.83	6.67	-30.64	18.32	1.88	10.10	6.26	1.36	
6366	1567	162	64.81	81.55	4.80	49.59	48.65	-38.74	-3.30	4.33	7.57	11.52	25.16	-4.07	17.01	-20.58	5.63	8.36	0.29	15.58	-0.73	2.33	2.55	
6367	8330	211	70.14	181.43	10.67	89.09	44.19	29.20	11.77	14.20	-0.36	6.79	12.06	13.50	-10.63	5.01	-0.14	5.68	-2.69	2.59	10.08	15.70	24.49	
6369	490	179	69.27	197.56	11.62	124.05	23.81	35.46	-4.46	41.14	-1.46	-3.34	19.75	28.85	2.49	4.55	0.55	14.22	6.38	10.05	7.28	8.14	4.17	
6370	5391	208	66.35	196.51	11.56	134.10	44.57	23.92	5.58	-7.24	7.83	7.78	7.39	33.78	23.91	4.09	2.49	10.08	-0.28	17.00	6.71	-4.74	13.65	
6371	936	214	64.02	130.15	7.66	74.88	52.79	4.07	-7.24	15.63	-3.23	6.49	9.17	5.24	0.92	-6.97	15.57	2.13	-2.06	10.96	12.77	7.60	6.29	
6383	2749	222	72.07	230.20	13.54	127.86	40.02	37.33	-10.65	25.65	0.32	-28.60	25.40	13.45	43.34	24.48	10.30	10.66	-7.96	21.46	11.63	1.18	12.20	
6440	2910	193	63.73	149.10	8.77	50.61	1.62	-8.99	16.52	13.84	6.30	3.62	5.56	8.00	17.09	-9.74	3.81	2.26	21.43	13.50	8.95	5.22	40.11	
6444	577	195	62.56	86.65	5.10	70.45	18.93	2.45	16.30	1.97	-5.87	1.45	-0.74	26.07	40.45	-16.99	-10.68	3.13	-5.38	3.64	-2.57	10.02	4.49	
6445	2902	201	68.66	240.49	14.15	88.48	66.67	42.96	15.38	39.58	10.11	-19.49	-3.35	26.01	25.00	0.00	1.27	33.68	-17.28	10.78	1.07	10.95	-2.85	
6448	1025	205	63.41	126.81	7.46	48.12	29.51	34.41	15.68	16.86	-1.13	5.97	0.76	0.35	8.04	12.95	-5.68	3.97	-14.96	-5.44	7.46	2.09	15.98	
6460	3190	134	67.16	91.86	7.07	65.50	0.00	0.00	0.00	0.00	6.47	26.24	16.94	11.88	-36.20	22.50	17.77	3.68	-8.00	-1.55	11.72	-2.83	23.24	
6461	6474	214	71.96	303.31	17.84	161.85	35.62	32.65	36.61	33.64	17.20	9.87	4.00	27.71	30.81	-9.30	20.24	15.23	17.53	11.16	13.03	10.52	-3.22	
6471	1192	196	63.78	109.26	6.43	72.20	19.59	2.51	23.09	11.54	-6.73	-2.24	1.44	10.34	-18.48	15.23	2.20	-4.14	-6.47	10.73	5.55	19.87	25.24	
6472	123	188	63.30	6.42	0.38	12.07	4.22	1.49	5.45	-11.03	7.14	0.32	-2.02	6.18	11.16	-4.83	15.59	0.00	-12.01	-2.86	-14.78	6.08	-3.69	
6473	1225	202	63.86	71.24	4.45	48.80	20.56	23.50	-0.33	-8.14	0.00	3.77	-0.36	10.18	8.63	-11.15	12.61	-1.39	-25.82	20.72	13.32	10.40	-5.28	
6474	500	214	57.48	140.74	8.28	63.69	9.63	23.15	28.50	25.00	-8.15	-1.76	26.11	7.99	7.93	7.18	3.48	12.84	-11.34	5.76	-7.20	3.90	7.71	
6479	1279	214	66.82	111.12	6.54	64.27	13.59	29.76	-10.67	-4.84	10.20	-16.02	1.50	8.79	-10.97	35.70	22.49	4.51	1.93	-4.18	13.57	28.04	-12.28	
6481	5205	192	68.23	186.10	11.63	137.34	0.00	33.92	2.34	29.56	2.10	11.43	32.59	-2.91	11.02	19.35	-3.02	8.44	1.15	0.92	13.17	10.47	15.57	
6494	3379	146	70.55	246.98	14.53	48.34	30.59	-7.87	62.29	31.62	26.58	15.00	-13.80	42.57	-24.85	7.69	14.29	68.18	-27.78	-29.17	29.08	18.79	3.77	
6498	658	199	66.83	156.80	9.22	56.34	20.80	21.66	23.60	35.00	-18.55	-7.15	14.73	18.20	13.14	11.41	0.21	-3.90	3.83	0.75	-0.38	0.38	23.08	
6501	1554	214	68.22	157.40	9.26	93.61	30.30	7.08	10.76	8.89	-2.47	4.32	13.79	13.00	-3.11	-12.30	5.47	4.81	19.49	2.75	18.77	16.49	19.36	
6502	463	194	63.40	75.95	4.47	37.07	10.33	12.20	13.28	-4.54	-1.76	7.27	3.85	7.54	-11.33	-17.23	0.21	2.66	18.37	7.41	-0.79	12.95	15.53	
6503	1490	202	66.83	121.92	7.17	98.61	-2.38	41.50	-12.82	4.69	2.34	-11.84	3.08	35.48	10.01	-6.06	17.96	8.31	1.68	-7.88	12.77	4.19	20.88	
6504	374	189	59.26	73.66	4.33	57.27	8.08	-12.38	8.29	21.50	-1.97	-7.83	13.17	27.99	33.86	-14.36	17.07	1.76	5.22	-23.06	-4.25	1.18	-0.64	
6506	1660	192	63.02	118.34	6.96	102.47	29.66	-4.40	3.68	0.00	-29.72	-5.85	9.85	-0.56	30.45	13.72	5.01	23.04	2.11	5.30	17.10	11.79	7.16	
6507	199	180	67.78	68.78	4.05	32.89	1.63	14.10	26.52	-32.86	-28.05	3.79	4.30	8.64	21.56	42.35	-26.76	8.57	13.23	16.84	5.62	0.80	-11.49	
6508	-153	171	58.48	-47.84	-2.81	-24.56	41.54	-21.45	-15.36	-19.58	-12.15	9.33	10.80	8.57	-35.13	-7.54	-2.75	7.86	0.39	-6.47	10.00	-10.92	-4.98	
6586	4841	188	69.15	137.67	8.10	66.32	10.82	21.60	-7.46	10.38	11.74	-1.62	14.25	19.79	10.45	12.34	12.33	6.55	-9.43	23.49	0.67	0.41	1.37	
6588	696	210	69.52	142.89	8.41	80.00	-16.76	40.38	-2.78	30.19	6.79	4.01	26.10	10.69	12.38	17.55	19.21	8.19	-3.12	-5.52	0.69	-15.94	10.81	
6622	568	205	68.29	148.30	8.72	66.43	44.76	8.78	22.73	9.57	5.77	-3.39	22.68	34.62	-12.36	4.36	4.67	20.23	-3.41	2.97	-4.00	1.43	-11.11	
6670	66	119	68.07	38.34	2.95	3.01	0.00	0.00	0.00	0.00	-11.52	-0.89	9.27	-2.60	34.90	-25.00	26.57	-11.65	1.91	10.37	-30.26	26.47	10.76	
6674	-180	123	62.60	-11.70	-0.90	-19.19	0.00	0.00	0.00	0.00	-5.98	-5.69	20.05	17.75	-41.27	-18.02	19.22	-4.28	-2.22	-4.50	7.68	6.45	-0.89	
6675	242	106	65.09	100.08	7.70	27.50	0.00	0.00	0.00	0.00	0.17	18.18	-14.31	-6.79	26.74	-8.17	8.20	25.49	1.52	13.82	6.17	16.86	12.21	
6701	743	208	66.83	55.33	3.25	22.31	18.02	11.47	-22.93	-3.68	-3.50	-5.48	-7.14	10.21	29.59	32.31	3.79	4.95	-29.44	9.00	5.47	4.00	-1.29	
6702	1791	207	66.67	112.43	6.61	48.15	26.53	13.60	-7.96	9.10	9.84	7.53	-4.26	-3.90	49.76	18.35	7.17	2.20	2.47	-21.25	-3.84	5.71	1.36	
6703	553	201	68.16	214.14	12.60	65.21	11.91	11.69	11.00	9.89	-4.09	9.05	7.10	38.14	-8.85	24.11	8.16	37.80	29.55	-9.13	20.43	-5.75	23.13	
6704	546	182	74.18	289.57	17.03	149.59	21.36	27.17	24.42	25.70	18.61	-3.32	16.16	16.67	9.55	22.41	18.56	47.42	11.49	10.71	9.01	5.94	7.69	
6707	-54	208	60.10	11.62	0.68	-2.66	26.82	-1.63	-3.00	-3.76	20.22	9.99	-20.34	-25.47	8.25	22.33	7.75	4.83	-23.41	-9.75	13.00	-9.91	-4.30	
6723	512	125	64.80	20.51	1.46	5.69	0.00	0.00	0.00	-6.89	13.31	-7.19	2.13	1.63	8.28	-22.35	-3.66	16.32	26.32	-23.17	-7.50	9.48	13.79	
6724	2080	168	69.64	117.09	8.36	77.47	0.00	0.00	0.00	12.92	1.98	5.77	14.54	1.89	50.38	15.33	2.59	18.58	-28.81	-7.96	-4.28	5.90	28.26	
6727	356	121	68.60	43.20	3.93	23.78	0.00	0.00	0.00	0.00	0.00	0.00	22.77	25.71	-4.10	9.01	-3.27	11.48	-11.30	-2.47	2.44	-16.76	9.68	
6751	1120	194	63.92	163.08	9.59	87.50	48.20	13.98	-11.11	-5.87	9.93	23.06	-6.84	-1.51	-4.39	9.96	-10.53	22.27	11.54	27.10	-2.61	32.96	6.94	
6752	2677	198	63.64	102.08	6.00	81.37	19.91	11.65	4.63	2.91	-0.39	0.61	1.73	14.88	36.37	7.79	-3.64	0.73	-13.87	-8.02	17.58	10.41	-1.22	
6753	1009	161	70.81	136.12	8.01	45.55	6.77	12.06	5.12	3.27	0.49	0.95	-0.55	1.43	2.85	14.27	12.03	9.79	-32.28	-1.05	2.49	20.45	78.03	
6754	731	168	61.31	55.14	3.24	21.63	1.12	9.56	-12.62	4.88	-7.84	8.09	-7.64	1.63	26.55	2.76	3.17	9.13	14.34	18.38	3.41	1.37	-21.15	
6755	814	181	69.06	141.34	8.31	35.86	20.25	-10.71	9.14	47.46	13.14	6.13	2.73	12.81	33.45	9.34	-18.79	13.91	-2.48	6.40	-3.97	-1.48	4.01	
6758	2802	200	61.50	63.62	3.74	16.63	-2.61	-7.92	19.88	5.90	-12.20	-1.26	7.12	15.62	6.35	17.33	14.62	5.01	-2.99	-7.88	-3.50	-2.51	12.66	
6762	15582	210	62.86	107.38	6.32	95.48	58.39	58.09	9.44	11.04	2.03	-11.62	2.61	-4.21	-13.18	-12.20	0.28	-8.57	-6.89	-5.60	7.31	11.35	9.12	
6767	1216	182	64.29	-15.59	-0.97	22.31	3.57	11.19	4.56	9.75	-2.32	0.00	-1.49	37.71	-26.10	-8.59	1.79	-14.15	9.49	-11.32	-15.29	19.14	-33.53	
6770	719	199	62.31	-20.64	-1.21	18.18	-12.03	-13.29	17.87	1.79	4.62	2.22	-3.86	20.91	12.05	-26.66	-17.61	-8.63	-23.40	0.00	10.63	32.47	-17.73	
6771	424	185	68.11	236.24	13.90	96.36	20.45	4.80	14.18	31.90	3.24	11.43	-13.14	16.35	22.75	27.84	11.96	14.94	11.11	21.10	21.13	4.19	12.03	
6773	1519	152	57.89	-13.00	-0.76	32.32	17.66	15.43	0.83	4.39	7.88	-0.12	6.60	0.86	-33.93	-20.47	-1.96	13.84	-33.62	11.15	-1.28	-3.36	3.09	
6791	9397	181	72.93	321.72	18.92	147.29	41.20	30.41	43.46	25.32	21.23	-2.86	14.86	12.12	31.87	8.51	-2.22	67.31	15.15	11.61	-12.52	9.21	7.07	
6796	657	174	67.82	190.07	11.18	69.60	33.69	19.42	13.59	29.54	4.11	4.29	22.66	10.83	6.69	10.09	15.17	13.47	-7.73	16.36	-9.87	6.95	0.81	
6803	368	161	70.81	167.08	9.83	80.17	20.26	-6.92	37.32	39.10	-14.22	2.74	23.79	23.94	47.22	-33.93	18.18	18.00	5.00	2.78	-33.70	15.38	2.13	
6815	1817	179	67.60	153.32	9.02	67.80	22.45	21.21	29.21	40.61	10.26	1.23	2.54	-3.96	1.25	-26.65	-8.17	21.84	0.00	21.94	2.28	4.88	12.40	
6835	1136	152	74.34	340.63	20.04	105.38	12.99	9.63	4.65	18.71	45.75	18.81	7.57	29.13	51.92	21.18	41.14	34.59	3.85	19.59	0.00	19.44	1.69	
6841	2174	223	64.13	128.26	7.54	94.11	7.79	39.46	6.81	18.39	17.89	-5.43	23.03	12.40	32.47	-41.30	-2.08	7.81	-3.34	-4.64	-13.67	17.80	14.87	
6857	3430	201	62.19	24.63	1.45	27.66	1.29	26.58	-11.15	9.33	0.22	7.20	7.03	7.05	12.18	9.05	4.28	-2.27	-45.30	-5.81	2.05	0.81	2.08	
6869	2483	201	67.66	167.87	9.87	30.28	58.59	22.93	14.24	11.46	12.01	-5.07	27.73	9.27	-12.33	-14.14	7.64	1.74	11.44	0.39	9.36	14.51	-1.90	
6871	-693	159	68.55	-64.79	-3.81	-10.73	45.01	18.03	0.39	21.47	22.31	-18.03	28.34	34.29	-9.39	0.00	17.08	30.32	20.38	-270.86	1.97	-3.75	-2.35	
6902	5292	197	68.02	174.37	10.26	90.68	25.69	17.02	9.91	13.18	17.31	1.44	5.77	7.16	6.53	49.17	10.93	2.97	-2.78	5.61	-0.45	6.00	-1.09	
6923	3279	195	67.18	161.14	9.48	104.10	18.69	-6.57	8.07	8.84	12.19	-1.42	6.44	14.23	18.22	36.87	7.48	25.10	11.85	0.90	-13.81	6.35	7.68	
6924	817	197	72.59	229.99	13.53	170.56	22.03	17.56	15.68	29.35	13.93	10.23	20.32	22.93	21.74	2.07	4.63	9.89	-18.13	35.22	3.03	14.33	5.19	
6952	1533	202	68.81	111.04	6.53	59.19	-11.72	16.09	14.29	24.38	19.21	-0.57	-0.42	4.02	33.20	-6.65	14.17	0.74	-6.84	3.92	-2.37	6.59	3.02	
6954	27240	215	68.37	207.11	12.18	95.58	18.55	11.92	25.35	17.47	7.35	-0.82	0.70	15.26	28.16	2.93	7.08	20.57	10.24	9.89	16.35	15.18	0.92	
6955	996	145	77.24	294.09	17.30	83.00	41.92	-0.55	-13.19	37.06	0.89	1.59	32.59	5.88	47.14	21.05	6.85	25.32	16.16	26.13	14.75	21.02	9.47	
6965	2276	200	68.50	127.34	7.49	63.13	18.07	14.37	0.25	25.21	0.29	-3.65	22.14	10.31	25.86	-2.64	0.85	9.20	1.97	7.51	-8.90	3.58	2.93	
6967	3041	212	64.62	137.40	8.08	87.64	27.09	14.92	7.94	7.59	10.17	5.28	25.45	16.50	4.98	36.71	-9.03	-10.81	18.30	-16.81	-2.93	-2.19	4.25	
6971	5754	193	66.84	103.30	6.08	57.57	-15.46	63.91	-6.80	6.38	6.34	2.18	-3.78	1.64	-6.34	-10.02	14.73	-1.77	7.46	25.56	11.05	5.21	3.01	
6976	2834	206	58.25	25.00	1.47	38.40	20.46	40.91	-4.28	-2.01	-8.94	-7.05	-0.05	13.65	-17.54	-12.73	-12.84	-12.64	-15.35	7.13	-2.51	17.28	21.52	
6988	8868	217	64.98	172.51	10.15	91.23	57.72	22.47	19.25	26.99	15.91	1.20	-2.47	17.97	2.75	9.87	-2.27	-5.06	3.03	-9.27	14.11	15.24	-14.95	
6993	2057	137	68.61	469.87	27.64	88.97	55.41	40.25	36.89	5.52	20.43	-45.80	15.89	19.60	52.83	17.08	30.40	23.31	200.00	13.85	-10.88	-9.44	4.55	
6997	546	202	65.35	65.41	3.85	43.33	-9.22	11.69	9.73	18.09	7.85	4.51	11.52	13.02	26.63	-30.48	-16.71	-8.48	-24.10	18.92	13.21	13.50	5.73	
7003	465	210	63.81	177.95	10.47	67.59	23.44	20.26	12.57	18.82	9.69	0.83	8.10	13.95	14.89	6.27	4.33	15.92	11.97	23.70	0.00	12.76	-19.55	
7004	657	177	63.28	83.22	4.90	49.21	-25.47	1.64	-6.10	-2.83	15.55	-0.87	6.37	12.08	34.00	8.87	2.86	14.40	7.14	12.57	-15.60	7.59	11.02	
7011	490	207	65.70	99.84	5.87	56.65	4.12	7.08	25.22	15.23	-2.86	-6.94	18.94	-4.97	53.51	-2.35	0.52	5.61	-12.13	-37.78	16.99	1.01	18.62	
7012	370	202	62.87	127.93	7.53	59.97	24.42	21.05	-0.61	9.40	6.52	-19.65	11.16	15.24	28.53	25.27	5.24	-13.23	-7.63	12.20	-1.44	-3.08	14.54	
7013	665	213	66.20	175.43	10.32	105.72	6.20	44.86	-18.18	-18.67	22.34	-19.71	16.98	43.84	55.25	17.44	-0.56	5.31	-7.58	6.22	9.38	-1.79	14.11	
7201	1422	191	69.63	134.44	7.91	100.71	42.88	-11.54	-15.05	14.45	8.02	1.67	4.39	8.22	8.82	1.41	8.73	17.31	-0.11	21.99	6.57	5.62	11.07	
7202	1211	183	69.40	108.68	6.39	77.63	28.88	0.00	-22.73	-3.26	9.93	9.86	8.94	9.06	22.39	-22.34	27.32	18.93	7.35	-7.18	4.11	-1.42	18.82	
7203	6499	198	65.15	126.05	7.41	82.90	9.57	6.73	33.07	13.26	16.89	-4.70	-3.20	9.18	26.98	19.83	-13.94	2.23	-3.20	-4.43	10.95	1.02	5.81	
7205	522	204	62.75	54.34	3.20	30.71	-8.59	-7.55	-4.53	2.13	3.20	7.14	11.02	-1.56	17.66	-16.58	30.20	7.41	1.78	6.80	0.59	3.65	1.58	
7211	4466	150	66.67	161.59	9.51	92.66	34.23	-5.80	16.46	20.20	15.12	-9.18	8.55	-7.01	24.37	9.94	4.69	10.64	0.00	34.69	6.83	7.10	-9.24	
7231	518	211	68.72	184.75	10.87	103.60	14.63	9.36	-13.66	-3.02	1.04	4.54	6.60	1.81	30.63	34.51	-20.00	53.20	14.04	18.33	6.67	14.52	11.55	
7240	2487	190	64.21	85.43	5.03	56.52	-25.92	-0.38	5.25	-5.59	16.05	6.29	-2.67	27.77	23.55	-1.49	11.07	16.67	5.33	-2.90	-6.08	18.88	-0.39	
7242	509	192	63.54	100.22	5.90	73.98	26.47	-5.71	14.96	5.86	-2.60	3.01	-5.55	0.73	5.81	-34.36	22.10	13.95	0.00	11.92	17.02	-4.69	31.30	
7246	603	168	66.07	89.46	5.26	84.34	27.17	-15.65	6.54	0.00	11.34	7.29	15.52	28.10	8.25	-68.91	19.57	26.91	6.53	19.38	2.53	-1.44	-3.67	
7248	1098	183	72.68	216.30	12.72	104.57	48.57	62.27	27.60	6.73	-17.28	3.46	10.29	-0.48	39.71	-28.08	12.77	13.07	3.21	20.92	-1.93	17.46	-2.00	
7259	4207	191	65.97	140.44	8.26	71.67	9.22	16.78	6.10	-1.91	13.06	2.33	-6.62	2.87	-2.42	32.95	22.20	12.95	0.89	9.66	1.95	9.37	11.08	
7261	1261	185	65.41	76.48	4.50	33.18	-0.46	10.54	22.22	20.31	8.13	6.34	1.84	-11.37	-0.85	-26.24	14.98	8.85	6.90	-0.93	17.13	-12.09	11.18	
7262	1916	198	69.70	153.86	9.05	85.23	25.34	3.38	2.25	14.05	-14.65	3.67	5.56	10.00	3.91	42.07	12.27	15.62	18.49	15.12	-7.51	3.01	1.29	
7267	5804	205	69.27	180.81	10.64	126.72	11.85	16.50	16.76	10.83	4.81	6.07	1.42	0.66	14.18	35.00	19.20	10.66	0.61	3.72	16.82	1.54	10.18	
7269	4631	213	71.36	177.93	10.47	99.06	27.87	20.31	4.62	14.41	3.77	5.14	5.39	7.84	2.47	28.91	7.34	7.99	-5.67	13.87	2.82	18.76	12.10	
7270	2297	196	61.22	140.99	8.29	46.59	12.06	-10.60	8.13	1.97	-3.48	12.75	5.06	13.85	42.35	41.49	2.20	-23.30	-3.36	5.97	18.09	9.33	8.48	
7272	4393	214	70.09	212.08	12.48	124.80	29.61	-8.13	14.20	-0.92	0.13	9.23	35.80	11.16	34.84	27.16	12.44	28.92	-3.67	24.10	-8.94	4.67	1.48	
7276	2101	198	66.16	154.67	9.10	38.91	14.07	24.01	10.54	21.92	14.52	-6.87	7.75	-7.62	25.55	21.54	8.32	11.74	-4.40	2.71	-5.90	7.82	8.98	
7312	2241	94	61.70	53.62	5.36	43.94	0.00	0.00	0.00	0.00	0.00	0.00	0.00	15.69	53.95	-0.84	-1.89	13.28	-0.05	16.38	-21.14	-8.73	-13.04	
7459	1122	194	62.89	58.95	3.47	46.95	-1.83	-5.86	-3.33	5.80	-10.99	6.61	0.17	-2.32	52.96	7.12	6.66	-0.25	-3.55	-0.07	-1.07	-1.74	10.65	
7518	1843	189	66.14	161.06	10.74	78.93	0.00	0.00	-26.20	-4.13	41.33	3.61	19.61	21.26	27.30	48.10	1.56	9.11	13.77	14.15	1.49	0.78	-10.67	
7527	1300	120	78.33	562.22	33.07	180.56	-12.08	48.33	22.43	55.56	48.94	111.30	41.49	59.79	89.33	50.68	5.26	36.00	-6.17	8.59	17.60	20.87	-35.71	
7532	3671	182	65.93	140.21	8.25	66.03	23.88	-23.12	10.90	17.10	1.40	-0.12	23.47	0.38	25.19	-2.49	1.10	19.41	-0.98	-6.46	1.60	27.70	21.26	
7599	769	178	62.92	62.11	3.65	49.29	9.45	-13.85	18.36	-8.46	25.97	4.36	9.88	19.08	-18.65	-2.82	-27.63	13.37	12.72	-1.25	1.18	10.25	10.16	
7602	-5083	157	70.06	79.58	4.97	-15.12	-15.72	24.94	46.05	7.47	18.60	-60.75	-64.34	9.93	16.98	32.50	5.88	29.41	18.60	19.67	15.66	0.00	-25.32	
7612	668	162	74.69	423.02	24.88	24.67	-8.20	33.94	-13.33	30.94	9.58	11.35	36.73	27.71	50.82	56.36	19.44	48.78	16.13	22.30	32.81	21.98	25.68	
7638	-303	62	56.45	-11.83	-0.79	-79.95	-6.67	-50.00	6.67	-14.74	-6.67	-113.46	49.79	25.00	21.43	20.00	18.18	0.00	0.00	36.00	0.00	2.63	0.00	
7647	18	142	58.45	173.33	10.83	13.95	0.00	81.82	-10.00	11.11	4.17	0.00	-4.65	10.42	21.88	35.71	17.39	20.00	0.00	12.50	-45.76	18.75	0.00	
7701	2074	200	73.00	229.29	13.49	105.28	36.61	37.96	0.78	21.12	10.90	-6.85	11.50	12.34	31.95	10.71	0.94	5.24	11.21	17.37	4.30	2.84	20.39	
7721	582	186	68.28	249.15	14.66	165.81	27.06	7.53	39.25	19.23	25.68	8.78	21.37	-1.53	42.95	9.15	-5.73	1.39	25.77	21.73	5.03	0.89	0.60	
7731	290	200	68.00	42.25	2.49	6.67	-17.56	29.44	-0.70	-35.35	7.79	-4.91	18.70	-3.68	-1.36	15.20	15.80	6.93	2.06	-4.71	0.51	3.41	10.68	
7733	4131	140	68.57	118.34	6.96	79.90	3.99	14.69	15.61	18.45	6.80	9.49	10.63	8.51	31.71	-10.08	-5.28	-47.21	12.00	22.62	9.29	8.96	8.16	
7735	405	204	58.82	54.70	3.22	32.14	30.89	20.82	-10.50	-4.99	13.79	5.22	-19.29	2.21	5.61	-9.61	-0.19	-2.65	16.00	23.19	-21.24	-5.49	10.92	
7741	7867	221	70.14	274.42	16.14	149.85	59.74	32.08	29.18	14.94	14.43	6.43	12.75	4.61	55.07	7.16	4.92	19.41	1.60	10.20	4.53	5.85	-8.48	
7751	6115	204	65.69	139.14	8.18	91.27	19.21	5.94	7.78	2.26	7.83	1.71	3.90	12.09	26.28	14.70	7.28	14.97	2.39	0.12	1.08	1.76	9.81	
7752	5105	218	74.77	228.02	13.41	186.65	45.96	18.21	13.72	21.89	6.26	7.35	12.18	31.48	9.51	34.38	11.89	1.60	-46.99	19.92	12.91	16.48	11.28	
7762	1254	220	67.27	138.47	8.15	97.28	5.80	13.20	11.01	3.66	11.14	7.44	-4.81	7.37	8.53	1.65	10.39	6.19	8.75	11.36	10.30	19.83	6.66	
7832	3088	129	68.99	163.74	13.64	103.14	0.00	0.00	0.00	0.00	0.00	0.81	14.21	16.84	45.05	33.40	4.47	9.03	-7.26	11.49	3.65	19.21	12.85	
7844	507	113	59.29	41.15	3.43	17.79	0.00	0.00	0.00	0.00	0.00	21.38	19.47	21.11	-1.79	-9.70	12.34	6.15	-4.52	2.00	-32.09	0.83	5.96	
7911	1626	216	67.59	140.92	8.29	98.67	17.85	1.51	10.19	14.17	18.20	-5.38	6.61	11.14	24.24	6.50	7.55	1.18	4.54	7.12	4.41	7.55	3.53	
7912	2159	220	66.82	113.50	6.68	99.04	4.79	15.50	32.77	-2.22	14.96	8.27	2.34	12.60	30.76	-7.88	21.22	2.04	-12.31	-17.62	2.59	8.28	-2.60	
7936	1675	189	73.02	201.89	11.88	42.57	28.79	27.21	24.63	30.00	-9.04	-9.13	-19.21	11.41	42.86	33.89	12.48	14.96	-0.31	18.11	8.51	8.82	-22.08	
7951	2412	205	64.88	106.01	6.24	69.71	27.79	2.56	9.20	2.17	16.67	0.79	4.79	21.23	-16.01	-14.61	12.14	1.78	-0.92	5.94	-4.10	23.26	13.35	
7952	3623	175	71.43	189.19	11.13	99.26	17.07	36.18	7.69	-0.39	39.46	5.21	-13.22	19.39	32.72	8.94	-31.98	21.78	2.55	6.31	2.93	16.38	18.16	
7956	1533	189	74.60	222.09	13.06	39.21	42.22	-10.24	24.66	5.88	4.61	6.04	14.86	16.22	42.09	22.77	0.35	15.07	3.32	18.46	8.61	3.43	3.76	
7990	2893	177	65.54	186.97	11.00	108.35	43.33	20.00	14.81	3.64	4.38	-22.22	4.87	21.21	17.00	10.42	10.53	35.85	5.50	6.93	4.74	7.58	-1.60	
7992	1700	174	78.16	511.86	31.99	95.56	48.40	36.27	34.05	23.08	28.28	14.94	52.00	15.07	27.38	73.02	28.36	42.00	10.81	39.39	57.78	-18.97	0.00	
7999	356	161	70.81	106.31	6.25	48.24	24.27	17.95	11.30	28.39	-6.14	-0.93	22.65	-2.71	-8.45	29.01	8.72	-9.56	-29.01	13.23	13.67	0.76	-6.84	
8001	1170	195	64.10	108.67	6.39	77.59	3.29	11.98	6.69	2.11	3.24	-4.00	0.39	14.69	29.21	19.78	-5.89	5.29	-0.88	-1.04	0.07	-0.66	24.39	
8002	470	192	65.10	71.16	4.19	41.26	-12.16	-25.20	-6.85	41.55	-0.31	7.84	-0.47	-6.32	21.99	18.76	7.08	-8.17	6.22	14.35	3.89	5.71	3.23	
8007	767	172	78.49	344.76	20.28	202.91	4.05	29.94	53.04	-17.24	-18.48	20.00	33.33	22.39	55.36	68.26	16.25	11.74	10.32	34.32	10.27	10.00	1.19	
8013	177	189	66.67	214.77	12.63	88.06	48.15	-9.09	-0.94	-9.57	10.87	12.31	6.47	-2.99	34.94	21.82	14.29	22.22	30.51	-48.00	25.00	36.14	22.64	
8014	4772	176	72.16	313.77	18.46	136.34	47.02	63.79	44.44	-23.29	23.65	17.59	-0.29	36.33	27.41	7.32	10.62	14.55	16.52	8.39	0.50	15.73	3.49	
8015	2105	218	70.18	143.00	8.41	59.63	10.02	32.46	34.41	8.78	14.59	3.27	7.65	14.82	-8.51	-7.91	17.07	-9.04	1.46	-0.82	10.74	13.16	0.85	
8016	2659	205	70.24	229.06	13.47	114.86	21.00	27.99	32.64	8.33	7.84	-3.32	3.63	5.02	55.08	19.05	9.76	9.88	1.31	14.05	4.16	1.70	10.94	
8020	5	167	63.47	45.69	2.69	1.14	-8.05	-19.59	-14.98	-7.65	13.53	-4.11	-7.84	33.46	12.43	22.00	13.64	28.43	-5.41	-21.89	2.62	14.67	-5.56	
8029	-98	158	63.29	78.23	4.60	-4.67	19.63	23.39	-6.39	-13.38	3.38	-5.83	11.82	-3.20	0.47	10.48	-16.33	33.33	-11.54	12.71	3.90	6.36	9.41	
8031	1750	201	63.68	102.59	6.03	63.64	6.23	-0.66	0.00	3.98	1.24	-1.36	15.27	2.22	20.49	24.96	-0.73	2.30	-3.74	4.29	1.50	6.97	19.65	
8035	15043	195	64.10	126.53	7.44	75.22	39.70	44.29	1.88	7.26	-4.13	0.83	2.30	4.70	-1.73	27.71	0.85	2.03	6.36	-14.57	-2.17	-3.37	14.60	
8038	182	147	73.47	161.08	10.74	34.73	-34.54	25.77	15.53	12.96	20.85	-44.59	0.43	8.92	58.30	-4.12	9.64	46.11	-1.21	32.11	14.93	0.00	0.00	
8050	366	188	64.36	63.90	3.76	31.39	8.67	16.35	15.48	-8.53	2.78	6.92	16.55	-19.14	0.89	19.31	-14.51	8.44	-9.52	5.42	14.59	5.58	-5.39	
8053	2979	203	70.94	227.88	13.40	133.29	1.85	7.58	19.91	26.83	8.31	6.89	-8.23	29.22	45.43	30.53	5.43	11.24	1.16	-0.28	2.83	11.79	27.42	
8058	2922	207	62.32	128.32	7.55	76.89	27.49	-0.18	9.94	3.26	-1.37	-2.74	-4.50	15.53	21.48	11.02	12.71	7.47	4.77	11.32	-2.22	3.61	10.72	
8074	4714	187	72.73	258.24	15.19	152.06	56.21	34.76	-14.88	24.16	-18.83	4.19	29.59	19.92	20.89	19.83	25.96	6.11	9.29	25.23	6.52	0.97	8.33	
8078	680	203	67.00	150.36	8.84	106.92	32.62	-28.99	26.60	19.10	-16.13	10.42	11.53	26.07	15.72	2.47	-10.32	8.03	6.50	11.56	8.32	15.57	11.28	
8086	944	171	67.25	103.95	6.11	65.56	35.78	-11.44	32.08	10.49	-1.80	-2.16	5.27	7.17	14.30	1.15	0.81	7.69	-0.32	-9.46	10.68	2.22	1.48	
8088	820	189	73.54	262.24	15.43	98.32	53.20	24.76	-7.03	29.13	13.43	14.98	21.04	22.96	49.57	14.86	8.05	19.47	0.94	-10.45	-8.39	0.42	15.32	
8101	359	126	78.57	197.32	11.61	84.47	10.59	-38.59	55.08	50.38	2.82	8.48	7.23	10.19	3.83	30.89	-5.51	23.53	-1.00	15.22	10.76	9.09	4.32	
8107	221	184	76.63	1568.77	112.05	127.75	13.85	-7.63	-7.50	90.48	-8.09	28.43	35.48	0.00	80.00	316.67	600.00	137.50	233.33	56.25	0.00	0.00	0.00	
8113	2164	216	70.83	206.38	12.14	64.81	18.41	18.51	10.26	21.27	1.73	8.37	13.24	6.44	51.22	12.85	6.35	11.59	5.33	2.34	8.03	3.17	7.25	
8202	4604	105	74.29	235.55	14.72	80.77	-7.19	0.00	-4.75	14.18	-2.03	25.66	9.29	52.21	32.10	-52.02	32.00	43.90	-7.89	51.72	0.62	37.33	10.42	
8233	677	215	63.26	54.65	3.21	33.88	11.65	10.60	5.64	6.36	-2.75	-0.30	-1.95	14.21	16.56	1.58	-1.01	-15.68	4.69	-17.34	7.33	9.18	5.87	
8242	3307	204	66.18	167.34	9.84	116.08	0.70	11.70	11.74	20.26	-2.29	-3.63	12.96	6.53	28.81	8.92	4.34	8.86	-4.98	22.57	8.54	21.73	10.60	
8245	425	138	70.29	169.86	9.99	102.41	4.68	15.08	17.30	0.34	-13.50	16.63	23.62	23.77	3.93	5.52	1.33	26.80	-15.52	1.36	38.11	14.15	6.25	
8252	1524	214	66.82	103.38	6.08	67.14	-4.59	20.30	8.31	18.97	4.55	-3.40	8.90	14.09	24.59	11.09	5.49	-12.57	2.41	0.36	-0.73	3.76	1.84	
8253	4196	202	66.83	121.59	7.15	65.46	33.56	7.03	26.86	13.38	8.06	-1.40	4.21	13.50	12.87	-11.52	-11.82	-2.57	-6.52	9.91	18.80	1.50	5.74	
8260	611	134	74.63	350.48	20.62	174.57	11.14	16.72	33.33	47.50	7.89	37.80	14.76	7.45	28.57	7.46	42.25	28.17	24.24	25.00	2.60	3.95	11.63	
8267	1827	194	61.86	85.93	5.37	58.94	11.65	12.91	18.16	28.98	5.40	-4.49	15.16	14.10	-15.59	-9.56	-3.79	2.83	0.00	1.65	8.58	7.11	-7.18	
8270	1668	193	63.21	115.73	6.81	87.56	-22.20	35.00	32.18	21.10	13.85	-7.42	12.81	16.24	24.33	-4.03	-2.80	-6.05	-17.68	15.64	-0.79	4.47	1.07	
8282	-220	177	61.02	-21.63	-1.35	-10.81	0.00	-7.29	10.08	-19.70	-14.81	-12.74	3.50	-0.07	33.65	7.66	3.22	-6.34	-27.43	0.87	10.85	-4.28	1.19	
8291	99	114	71.05	113.41	6.67	11.70	21.30	18.07	5.00	2.40	-6.27	-15.37	10.00	4.23	46.67	-38.60	19.20	44.68	-0.99	-8.19	3.20	2.10	5.97	
8303	585	134	70.15	175.26	13.48	75.48	0.00	0.00	0.00	0.00	10.49	13.98	-0.65	6.21	27.97	28.66	-2.99	10.92	15.26	41.43	18.82	2.80	2.34	
8304	395	113	67.26	133.78	14.86	86.24	0.00	0.00	0.00	0.00	0.00	0.00	0.00	20.44	39.31	31.21	-3.05	18.36	10.86	5.12	0.00	3.71	7.82	
8306	1597	195	65.13	161.17	10.07	88.72	0.00	40.98	45.44	-1.34	24.53	-1.81	-10.56	-6.99	46.88	18.74	5.92	3.20	-6.51	-5.18	11.42	-0.96	-2.60	
8308	2746	144	61.81	183.78	11.49	61.85	0.00	3.70	21.00	16.84	9.57	-17.21	10.14	15.93	54.61	27.58	14.45	17.39	-1.07	0.37	6.64	3.03	0.82	
8309	424	162	62.96	84.35	5.62	25.09	0.00	0.00	-18.03	-11.42	-7.11	-14.17	8.17	2.62	44.75	35.09	11.52	11.49	4.66	-13.60	10.39	0.71	19.30	
8316	5265	143	63.64	38.38	2.56	39.00	0.00	0.00	6.72	-34.11	26.54	7.14	4.44	5.00	33.56	-29.47	4.33	5.54	-5.50	0.00	11.41	3.94	-1.17	
8327	451	191	68.59	153.73	9.04	60.29	3.78	21.41	22.06	15.79	-29.05	-20.45	8.87	8.08	72.63	42.92	7.19	14.40	0.52	-19.03	-2.08	5.32	1.37	
8331	1019	191	65.97	138.60	8.15	89.86	11.15	27.55	19.83	-0.64	0.28	10.00	18.21	8.20	24.97	-2.31	4.96	8.12	1.04	14.34	-3.99	-10.05	6.92	
8333	948	203	72.91	195.01	11.47	111.53	24.14	22.90	34.82	32.89	-10.02	-2.56	12.00	3.44	72.86	13.13	14.84	2.60	-2.44	-12.42	-12.87	4.66	-2.95	
8334	1526	202	74.75	220.35	12.96	162.86	19.65	33.50	37.48	15.08	-13.64	4.39	10.19	10.26	57.88	9.70	16.89	12.96	-1.46	4.29	-18.80	14.19	7.81	
8341	702	206	66.02	105.89	6.23	66.86	-10.95	19.40	11.11	11.54	-0.42	10.11	10.06	-1.70	51.52	15.29	8.04	6.61	-6.13	-9.50	-11.71	0.98	1.65	
8354	561	111	69.37	93.97	9.40	59.68	0.00	0.00	0.00	0.00	0.00	0.00	0.00	10.96	54.14	24.60	8.71	6.59	1.60	14.46	-7.14	-4.87	-15.07	
8355	918	181	62.43	78.46	4.62	64.51	9.82	8.72	-4.11	6.44	-10.80	0.43	25.43	-6.39	49.71	10.21	3.20	-0.56	1.32	8.56	-13.30	-12.30	2.08	
8358	2655	194	70.62	217.65	12.80	103.83	13.89	41.17	5.92	18.30	17.37	0.41	24.79	19.14	41.13	27.83	7.93	7.10	0.25	-5.72	-6.01	4.58	-0.41	
8359	893	192	66.67	133.55	7.86	90.75	8.76	14.55	37.26	30.00	-1.51	6.81	3.09	2.93	48.64	3.30	7.06	-4.47	-2.93	0.31	-17.08	-2.16	-1.01	
8369	1567	183	69.95	149.73	8.81	95.37	16.17	17.05	1.23	9.38	3.97	4.18	18.08	-7.36	58.41	3.77	7.58	10.94	4.19	7.55	-9.50	13.31	-9.21	
8377	341	143	65.73	106.78	7.63	61.44	0.00	0.00	0.00	32.24	4.29	-7.58	18.92	0.23	59.13	5.06	1.46	6.25	4.58	5.29	-9.57	-2.08	-11.45	
8379	612	176	67.05	95.48	5.97	78.46	12.38	0.00	5.33	11.16	2.74	7.95	15.06	-2.23	69.31	7.16	2.66	1.34	-25.07	-10.88	-10.71	11.50	-2.21	
8411	478	141	68.09	77.10	5.51	49.53	0.00	0.00	0.00	-30.41	15.60	13.11	1.87	0.48	46.82	15.50	8.47	4.65	-12.50	-5.91	4.85	7.33	7.25	
8418	-99	95	64.21	-5.76	-0.52	-6.11	0.00	0.00	0.00	0.00	0.00	0.00	-1.22	-14.34	19.63	-10.25	11.87	12.16	-2.90	0.71	-16.18	-5.86	0.60	
8473	3442	137	70.80	101.22	6.75	43.62	0.00	0.00	-1.96	-46.06	43.86	0.54	26.05	-5.57	35.59	-13.78	-12.02	19.74	20.76	8.15	11.21	7.17	7.54	
8515	3375	145	67.59	82.55	5.16	73.02	12.01	8.13	16.18	1.44	26.08	0.00	3.87	26.25	-4.40	-10.53	-24.10	-14.93	-30.66	36.25	31.14	4.75	1.05	
8562	101	108	68.52	96.90	5.70	28.37	1.69	-16.86	1.20	11.25	15.98	-18.50	26.25	17.93	41.00	-9.23	3.39	40.91	-25.97	1.96	1.09	6.90	-2.08	
8570	4934	206	71.36	248.42	14.61	119.38	12.91	11.90	19.69	40.15	25.28	-13.39	0.70	-7.57	70.17	16.82	14.35	-0.81	1.88	37.31	18.92	-11.22	11.32	
8572	621	189	60.85	60.03	3.75	49.29	3.73	3.94	10.01	8.80	15.78	0.00	10.00	17.76	1.64	-13.17	-55.00	-1.68	23.23	3.34	33.12	3.63	-5.11	
8584	463	185	62.16	51.09	3.01	35.62	26.60	-2.41	9.61	16.67	6.40	7.31	17.70	-27.54	-13.33	13.45	-15.29	-3.87	-14.96	22.30	1.58	3.75	3.12	
8585	613	167	67.66	100.68	5.92	57.18	25.10	1.09	41.22	1.02	13.52	-3.17	15.48	1.29	8.08	11.02	-3.49	16.39	-73.33	6.72	28.83	1.48	9.44	
8589	359	161	74.53	116.98	6.88	53.34	16.67	20.00	8.47	0.71	30.82	-23.03	18.00	21.95	40.18	-31.13	15.74	35.82	-117.81	33.33	26.19	14.71	6.36	
8591	4943	184	71.20	226.25	13.31	132.52	11.93	25.66	7.92	-1.70	15.07	-0.55	23.91	23.59	52.71	-37.45	4.39	12.56	0.41	35.83	23.46	11.93	16.56	
8593	1206	191	73.30	260.70	15.34	179.46	35.40	28.38	8.80	-6.25	16.81	13.28	37.50	1.71	46.38	9.27	3.76	4.76	-1.48	32.50	17.92	2.89	9.08	
8601	1969	204	65.20	149.16	8.77	102.55	27.86	18.85	-11.01	13.49	-1.12	10.32	11.71	6.58	42.91	8.19	-0.79	14.47	-22.40	-0.28	7.83	6.60	15.94	
8604	3677	205	66.83	129.58	7.62	111.42	12.27	42.32	21.35	18.19	2.72	-1.21	14.88	12.87	44.92	-38.57	14.67	6.79	-34.66	-26.04	13.33	5.98	19.76	
8609	1253	202	67.33	156.87	9.23	92.81	21.45	8.57	10.67	33.50	0.66	-5.30	50.59	6.73	45.08	1.88	9.14	17.70	-14.80	-34.36	3.80	1.42	0.15	
8616	452	197	64.47	95.60	5.62	46.22	41.34	15.05	0.51	19.73	1.54	-14.76	1.69	28.68	20.59	-19.48	1.66	8.87	-11.29	-28.02	14.21	5.88	9.42	
8628	505	173	62.43	30.66	1.92	27.45	0.00	-2.02	6.86	-29.68	21.87	5.15	12.88	6.88	33.33	-2.31	-3.34	-2.66	-15.49	-15.84	2.36	4.25	8.42	
8698	1278	146	67.12	84.26	6.48	69.46	0.00	0.00	0.00	0.00	3.07	12.74	47.93	5.80	3.78	16.43	-12.06	2.55	-16.04	4.69	-5.92	11.88	9.40	
8703	-47	127	62.99	-8.69	-0.72	-4.96	0.00	0.00	0.00	0.00	0.00	-31.74	-0.32	19.07	-4.36	7.45	-2.06	13.14	-40.65	-1.72	18.30	10.94	3.24	
8704	836	114	67.54	131.01	10.92	37.06	0.00	0.00	0.00	0.00	0.00	-16.04	43.44	28.64	22.12	15.31	-5.56	10.91	66.67	40.00	-10.07	-28.66	-35.74	
8729	2625	109	69.72	135.24	15.03	109.92	0.00	0.00	0.00	0.00	0.00	0.00	0.00	0.00	47.74	24.33	15.47	19.71	6.60	16.04	10.69	8.12	-13.47	
8739	-454	146	63.01	-0.56	-0.04	-23.96	0.00	0.00	-20.96	28.38	-66.49	3.72	23.22	16.84	34.32	-46.59	20.48	6.72	-15.29	0.00	3.79	6.10	5.22	
8766	5903	166	69.88	162.96	10.86	115.29	0.00	0.00	3.66	23.79	14.63	7.76	10.92	-0.39	22.98	8.07	2.99	24.56	6.99	3.74	2.46	5.77	25.02	
8789	802	108	62.04	1.69	0.14	40.30	0.00	0.00	0.00	0.00	0.00	5.93	37.39	2.08	-57.99	-4.88	-8.00	38.46	2.63	-15.22	-16.67	12.21	5.75	
8795	5267	151	66.89	124.30	9.56	110.54	0.00	0.00	0.00	0.00	6.04	31.20	17.94	40.67	30.26	6.69	0.00	4.38	-13.60	-17.02	2.08	15.61	0.07	
8801	5088	214	69.63	227.85	13.40	135.39	29.89	26.50	16.91	18.17	11.14	1.04	22.26	1.75	67.98	-1.38	12.46	-10.18	-12.12	4.25	10.79	5.38	23.04	
8802	2673	201	61.69	112.31	6.61	66.16	16.09	16.26	8.72	4.15	-0.37	-4.83	-7.89	6.93	67.92	10.90	1.54	1.16	-17.15	3.33	-6.08	-4.14	15.76	
8803	2728	197	65.48	105.84	6.23	57.49	25.23	-2.55	1.33	-7.18	10.56	2.85	5.58	16.32	4.51	14.53	3.28	-3.29	-3.75	13.77	14.51	-0.44	10.57	
8804	2895	194	68.04	148.81	8.75	78.50	25.30	10.94	0.45	-4.42	29.33	6.26	29.17	22.07	6.71	-9.76	11.28	-8.88	1.27	-0.80	6.97	11.40	11.53	
8830	4313	216	68.98	156.15	9.19	82.78	4.71	32.60	0.99	2.05	29.17	9.69	24.94	15.64	25.87	-4.10	1.78	-0.75	-15.71	0.90	14.88	3.82	9.65	
8835	543	192	71.88	323.84	19.05	176.87	40.97	-10.27	24.36	4.00	-4.14	54.52	26.71	33.80	49.66	-18.60	38.30	14.29	22.22	56.12	-17.65	2.33	7.25	
8836	3888	176	80.68	1644.33	102.77	34.71	-0.36	40.49	8.28	11.65	4.38	0.00	-29.63	21.21	107.14	720.00	400.00	276.47	-20.63	12.71	15.66	20.00	56.96	
8840	896	191	73.82	302.26	17.78	120.59	42.26	37.05	6.73	28.89	38.73	-0.40	13.86	14.70	55.67	6.14	22.60	17.69	-7.73	7.14	7.20	5.62	6.10	
8848	4686	133	71.43	168.69	12.98	98.86	0.00	0.00	0.00	0.00	29.25	6.22	26.16	12.47	69.20	13.50	-8.12	39.57	-43.09	-5.95	7.75	5.51	16.24	
8893	769	121	70.25	219.23	13.70	18.38	0.00	9.24	-23.19	7.30	7.45	8.97	-15.44	15.53	-24.86	139.34	9.80	37.74	-14.63	3.74	30.14	6.12	21.99	
8897	503	137	62.04	89.07	6.36	62.18	0.00	0.00	0.00	11.46	-4.53	-15.72	10.08	10.21	14.39	-38.46	21.94	16.67	-7.46	35.20	9.76	11.00	14.54	
8905	4493	165	70.91	169.58	11.31	112.35	0.00	0.00	2.55	10.01	17.53	22.57	17.66	32.06	36.44	8.47	9.85	9.49	4.76	-7.89	6.82	2.18	-2.93	
8918	143	63	63.49	68.61	6.86	7.01	0.00	0.00	0.00	0.00	0.00	0.00	0.00	11.27	-10.90	0.00	-14.29	-8.00	22.22	0.00	42.11	16.67	9.52	
8922	941	110	61.82	48.28	4.02	14.57	0.00	0.00	0.00	0.00	41.13	-4.80	-2.40	-15.53	23.26	-42.66	21.86	10.81	-6.67	8.24	-1.62	16.67	0.00	
8925	2097	101	58.42	56.70	4.36	40.33	0.00	0.00	0.00	0.00	41.26	4.88	42.69	-9.40	-22.36	-49.09	-0.66	23.68	23.53	2.04	-22.01	12.22	9.92	
8933	3255	136	70.59	202.01	16.83	109.23	0.00	0.00	0.00	0.00	0.00	-3.80	30.92	20.13	39.00	50.43	2.82	12.80	-3.46	26.48	15.67	-1.52	12.54	
9001	212	192	60.94	39.28	2.31	33.18	0.91	18.25	6.30	17.27	-5.59	1.33	5.32	13.77	19.35	-7.71	5.15	-19.55	-14.22	-12.32	-5.59	-1.02	17.62	
9005	384	179	69.27	36.75	2.16	38.10	-11.23	13.59	5.44	-1.09	-6.52	7.12	-2.81	25.20	18.38	2.75	-0.82	6.52	-5.87	-36.62	0.67	4.12	17.92	
9006	252	177	64.97	41.03	2.41	24.00	11.57	-1.80	13.15	9.86	0.63	-8.50	-3.54	20.94	8.43	-2.54	0.59	2.74	-0.14	-36.54	0.96	10.48	14.73	
9007	709	196	66.84	115.59	6.80	51.75	22.20	27.06	10.72	5.48	13.05	12.12	1.07	-3.98	22.10	-2.91	8.39	4.03	-2.86	-10.92	-6.68	2.92	13.80	
9008	307	205	60.00	50.96	3.00	29.24	27.92	13.66	12.04	9.29	-1.75	9.65	0.74	6.39	10.36	-11.56	2.74	-9.12	-5.27	-12.56	-9.24	-3.14	10.84	
9009	307	188	64.36	48.59	2.86	18.27	20.86	-27.05	3.48	14.89	4.78	2.34	-1.48	5.04	16.38	3.43	1.82	-6.43	-0.13	4.76	-4.73	-4.23	14.86	
9020	13707	189	75.13	179.38	10.55	107.51	44.77	8.48	37.86	7.37	0.55	2.43	7.45	2.58	16.25	14.59	3.72	0.54	1.31	2.11	8.42	6.04	14.90	
9021	11333	227	70.04	199.71	11.75	121.21	28.36	30.54	31.03	15.05	3.46	-3.38	10.95	19.90	18.89	12.68	0.59	10.42	-0.14	0.86	4.73	1.79	13.98	
9041	257	196	61.22	53.81	3.17	51.20	31.12	5.49	15.30	2.93	4.76	-4.39	6.08	7.47	13.78	-10.43	1.74	-7.82	-5.25	-23.23	-1.46	4.56	13.15	
9042	427	179	66.48	82.77	4.87	48.19	13.79	11.90	-3.89	23.06	-8.25	-17.41	-7.00	16.67	23.74	15.82	0.72	-8.44	2.58	0.98	7.01	-4.67	16.18	
9048	233	217	62.67	59.36	3.49	40.52	7.62	19.46	6.10	10.26	0.76	-0.67	-1.56	5.04	11.56	0.63	-0.39	1.31	1.35	-16.23	-14.92	27.63	1.39	
9062	1224	211	67.77	204.75	12.04	153.19	3.87	15.83	37.75	17.23	10.09	3.51	4.69	10.51	37.30	38.30	14.00	1.51	-9.26	-6.86	-2.33	6.16	22.45	
9064	1177	209	63.16	83.49	4.91	34.02	-12.43	9.16	9.26	3.80	0.82	6.57	12.30	6.76	37.31	8.29	12.53	6.35	2.53	3.85	-4.96	-12.94	-5.72	
9065	809	199	69.35	201.70	11.86	104.93	16.91	-22.29	40.32	40.00	8.75	0.85	27.37	17.54	12.26	39.64	7.57	-0.27	-4.33	5.15	7.24	2.80	2.20	
9076	843	204	64.22	89.74	5.28	54.39	30.47	3.80	-12.74	1.65	18.41	8.79	5.62	6.51	20.94	21.86	3.83	-2.69	-5.70	-7.14	-8.24	9.42	-5.06	
9101	1166	219	62.10	137.45	8.09	93.81	19.32	13.95	24.94	5.60	2.53	10.52	0.11	32.26	17.66	38.75	-0.53	-4.95	-25.00	9.39	0.29	-7.41	0.00	
9104	662	205	62.93	76.34	4.49	32.53	19.12	13.78	20.00	17.36	2.00	16.02	-4.11	18.18	-2.97	18.69	-0.15	-6.57	-16.15	-11.51	-0.95	1.75	-8.13	
9107	1201	215	64.19	155.25	9.13	69.95	13.43	30.64	20.10	5.25	-1.97	4.92	0.60	29.99	34.44	-0.22	18.64	0.97	-13.61	11.63	3.78	6.08	-9.41	
9110	1046	210	70.48	222.73	13.10	78.47	21.95	33.03	34.18	-2.69	-14.85	10.00	11.93	39.91	26.11	35.07	5.54	14.92	-12.86	4.28	5.80	2.14	8.29	
9202	150	187	60.43	40.32	2.37	29.76	4.30	6.28	-9.81	12.78	-8.74	-1.76	-9.52	13.25	12.50	-13.67	10.46	12.89	7.11	-13.97	-1.01	9.90	9.35	
9301	567	194	63.40	42.03	2.47	25.31	15.01	13.55	-0.20	0.41	11.67	-8.11	6.95	10.85	9.48	-1.53	-4.11	-5.18	-2.81	-28.05	11.01	-7.65	20.78	
9303	1129	211	69.67	198.79	11.69	110.69	47.70	7.85	19.17	1.47	-2.77	3.50	7.31	17.75	49.03	22.62	7.46	-9.26	-9.05	-5.31	0.16	22.60	18.55	
9305	355	178	71.91	200.68	11.80	139.76	47.55	-10.94	18.82	-8.84	18.97	7.87	12.35	19.29	-17.56	6.25	0.00	19.75	12.20	45.95	6.18	6.63	16.20	
9318	-291	162	63.58	175.29	10.31	-17.21	0.00	-23.33	-23.01	15.47	-27.06	4.14	-2.91	48.37	-6.67	-15.15	38.89	66.67	-37.25	43.33	36.36	44.12	13.33	
9404	276	169	62.72	48.92	2.88	3.62	-2.03	-22.33	2.28	21.55	9.88	10.50	-2.60	-10.39	28.54	2.92	0.69	-4.78	0.38	0.05	0.83	6.43	7.00	
9412	555	106	66.04	95.26	9.53	76.87	0.00	0.00	0.00	0.00	0.00	0.00	0.00	8.73	48.12	7.47	-5.54	-6.05	5.87	4.28	8.93	6.98	16.48	
9424	235	116	71.55	52.17	4.35	19.41	0.00	0.00	0.00	0.00	0.00	-22.94	6.74	44.23	9.35	10.85	-15.91	-9.68	15.31	-25.64	13.05	22.63	4.19	
9432	5103	203	71.92	159.24	9.37	65.01	-1.53	16.88	11.84	27.17	4.93	11.39	-0.33	2.73	40.07	-6.80	3.60	10.15	1.59	2.87	14.87	14.04	5.77	
9433	2035	189	67.72	135.80	8.49	59.92	-35.71	-4.61	17.48	24.82	13.35	2.90	-1.53	11.65	58.09	-1.95	6.99	3.55	0.00	4.55	11.06	2.46	22.70	
9437	3008	198	68.69	116.41	6.85	35.72	7.13	-9.70	27.91	15.79	8.40	2.46	-0.52	-0.98	45.29	4.17	1.28	4.49	0.43	1.17	10.74	-8.76	7.09	
9449	1772	131	67.18	163.23	12.56	52.43	0.00	0.00	0.00	0.00	8.00	6.07	0.92	39.23	16.85	31.71	17.72	23.95	-1.81	1.95	10.98	11.28	-3.62	
9501	-1225	76	63.16	-124.99	-11.36	-36.57	0.00	4.11	0.00	0.00	0.00	0.00	0.00	0.60	6.23	2.97	-6.81	-80.26	-30.36	-33.70	-6.88	4.89	14.22	
9502	-424	140	58.57	-24.12	-1.72	-9.68	-3.84	-16.35	-0.45	0.00	0.00	0.00	-0.98	4.22	12.50	0.19	-0.67	-19.10	-14.11	0.81	2.95	-11.93	22.64	
9503	526	134	63.43	3.97	0.25	14.33	33.61	4.42	-0.06	3.60	0.00	2.32	5.59	3.27	14.26	-2.86	-1.87	-19.22	-28.78	-12.58	-5.25	-3.79	11.30	
9504	-127	152	62.50	-23.23	-1.55	-4.29	-5.79	11.95	-1.20	0.00	0.00	2.96	0.97	1.01	19.55	-1.66	-5.98	-23.79	-47.35	26.52	-15.50	6.83	8.26	
9506	-380	122	59.02	-51.40	-3.67	-11.14	-0.93	6.30	1.52	0.00	0.00	3.33	-2.81	4.11	12.45	-1.80	0.00	-17.05	-19.72	-22.75	-15.27	-6.29	7.51	
9508	162	139	64.75	-22.42	-1.49	4.84	11.49	1.93	1.88	1.38	0.00	-3.13	2.97	-7.01	32.12	2.19	0.00	-19.39	-47.19	-5.63	-10.65	4.39	12.24	
9509	-197	139	59.71	-60.10	-3.76	-5.92	-1.00	6.24	0.44	0.44	0.00	3.81	0.38	3.60	25.30	1.97	-1.35	-5.96	-65.80	-1.90	-32.67	-1.73	8.15	
9513	6879	143	70.63	168.27	12.94	110.06	0.00	0.00	0.00	0.00	2.54	12.21	9.86	10.40	58.81	16.21	0.03	14.59	-0.14	15.94	6.38	15.80	5.64	
9531	645	212	68.40	117.25	6.90	81.44	2.35	21.41	1.98	1.80	-1.51	6.24	16.40	19.97	41.24	-1.15	0.26	-0.82	0.49	-11.09	-1.93	10.23	11.40	
9532	412	190	64.21	90.03	5.30	80.63	-23.62	8.15	5.48	7.58	3.38	1.64	-1.58	11.04	39.33	0.26	1.94	-0.64	2.67	-4.56	7.39	3.33	28.26	
9533	690	219	70.78	149.82	8.81	83.13	9.09	30.12	23.78	15.62	3.23	5.66	12.56	14.29	37.54	9.93	-0.58	2.97	0.97	-21.43	-9.31	3.80	11.57	
9613	-394	168	65.48	17.55	1.03	-1.89	-10.91	-6.86	3.68	-3.84	-18.83	-7.72	0.17	12.30	25.20	-3.08	4.55	-5.72	-11.46	15.72	3.51	10.16	10.67	
9633	504	166	72.29	189.44	11.14	98.25	10.61	-27.56	-3.15	16.91	13.10	15.98	19.49	33.97	18.81	15.67	4.40	45.52	3.73	1.85	10.13	4.58	5.41	
9672	227	169	71.01	70.37	4.14	41.35	-2.00	-17.73	15.62	3.79	39.49	-14.75	32.06	15.30	24.68	12.58	2.88	7.96	-48.63	-13.69	11.00	0.31	1.49	
9681	6	174	64.94	3.59	0.21	0.76	18.46	19.18	0.62	5.22	1.26	15.55	5.92	-22.54	-16.44	14.79	3.79	-10.92	-16.40	-0.89	-12.70	-5.21	3.91	
9684	7370	196	72.45	206.01	12.12	157.95	55.81	14.48	17.68	25.03	11.94	5.56	11.62	9.74	33.38	5.41	10.88	-2.14	-12.61	13.55	-19.56	15.21	10.02	
9697	3694	180	68.89	191.95	11.29	84.72	5.22	3.67	-2.60	39.79	23.13	3.60	3.17	-4.24	11.88	26.53	19.07	22.63	13.17	19.14	9.90	0.45	-2.56	
9704	649	159	67.30	282.35	17.65	169.01	95.31	37.31	18.75	6.56	-6.82	48.19	20.00	3.70	15.38	-4.76	11.43	19.23	13.04	-10.77	6.52	9.26	0.00	
9726	218	159	62.26	61.38	3.61	34.33	-10.00	26.95	12.82	12.50	6.61	-1.96	9.13	0.00	27.04	-23.94	-4.44	-39.85	6.56	51.14	6.15	-12.89	-4.43	
9735	9735	206	67.48	129.31	7.61	97.84	45.53	-4.74	2.20	-10.32	15.70	8.69	-1.17	15.18	15.60	4.89	7.25	-0.26	-5.57	25.40	2.98	-1.20	9.16	
9766	3347	172	63.95	70.74	4.16	30.85	20.09	-13.36	-5.00	16.12	-0.91	2.90	12.09	5.18	3.36	-3.83	6.97	-6.22	-4.10	11.31	5.08	10.90	10.15	
9816	1298	157	81.53	622.72	36.63	152.71	70.47	43.15	26.09	59.91	27.24	37.50	79.33	32.35	36.67	55.26	14.29	28.57	47.06	46.99	-6.19	14.94	9.09	
9831	687	206	60.19	123.89	7.29	46.01	11.14	32.96	37.82	13.08	13.70	-7.30	34.43	4.87	-13.81	-17.72	-1.43	19.62	-4.11	-12.80	12.24	1.19	0.00	
9962	1378	191	66.49	123.17	7.25	74.21	-10.33	4.91	-3.30	23.02	-9.14	7.29	31.33	12.47	6.64	9.45	5.80	-3.89	5.88	7.35	-13.08	13.82	34.95	
9983	11829	183	65.03	130.85	7.70	23.71	28.63	39.81	-23.60	33.47	27.15	-3.75	6.28	2.75	35.90	-4.75	8.74	0.68	-3.54	-7.76	-0.51	-0.06	-8.60	
9984	-8173	151	65.56	-39.13	-2.45	-51.08	-72.44	-1.69	-12.69	-26.65	4.21	-38.31	2.73	4.55	22.20	8.10	0.00	7.36	8.45	2.03	30.57	1.91	20.55	
