20161028:195700	17.75	17.75	17.75	17.75	4	17.75
20161026:220700	17.59	17.59	17.59	17.59	4	17.59
20161025:001300	17.53	17.53	17.53	17.53	4	17.53
20161020:181600	17.51	17.51	17.51	17.51	4	17.51
20161018:183100	17.61	17.61	17.61	17.61	4	17.61
20161014:175400	17.41	17.41	17.41	17.41	4	17.41
20161013:020800	17.52	17.53	17.52	17.53	4	17.53
20161011:091400	17.62	17.62	17.61	17.61	4	17.61
20161007:153400	17.21	17.21	17.18	17.19	4	17.19
20161006:044500	17.70	17.70	17.70	17.70	4	17.70
20161004:160400	18.06	18.06	18.06	18.06	4	18.06
20161003:020100	19.26	19.26	19.25	19.26	4	19.26
20160929:105300	19.02	19.02	19.02	19.02	4	19.02
20160927:160200	19.03	19.03	19.02	19.03	4	19.03
20160926:005400	19.67	19.68	19.67	19.68	4	19.68
20160922:075800	19.73	19.73	19.73	19.73	4	19.73
20160920:164500	19.21	19.21	19.21	19.21	4	19.21
20160916:185500	18.80	18.80	18.79	18.80	4	18.80
20160915:014600	19.03	19.04	19.03	19.03	4	19.03
20160913:131800	19.04	19.04	19.04	19.04	4	19.04
20160912:023500	18.88	18.89	18.88	18.89	4	18.89
20160908:123700	19.81	19.81	19.80	19.81	4	19.81
20160906:171300	19.92	19.92	19.92	19.92	4	19.92
20160902:182600	19.29	19.29	19.29	19.29	4	19.29
20160901:003800	18.74	18.74	18.74	18.74	4	18.74
20160830:051300	18.74	18.74	18.74	18.74	4	18.74
20160826:141700	18.96	18.99	18.95	18.99	4	18.99
20160824:171200	18.54	18.54	18.54	18.54	4	18.54
20160823:005700	18.92	18.92	18.91	18.91	4	18.91
20160819:103900	19.47	19.47	19.47	19.47	4	19.47
20160817:193500	19.64	19.64	19.63	19.64	4	19.64
20160816:065800	19.98	19.99	19.98	19.98	4	19.98
20160812:115900	19.87	19.87	19.86	19.87	4	19.87
20160810:201900	20.14	20.14	20.14	20.14	4	20.14
20160809:011900	19.72	19.72	19.71	19.71	4	19.71
20160805:063300	20.38	20.38	20.37	20.37	4	20.37
20160803:132700	20.51	20.51	20.51	20.51	4	20.51
20160801:202500	20.42	20.42	20.42	20.42	4	20.42
20160729:063400	20.09	20.09	20.09	20.09	4	20.09
20160727:181500	19.95	19.96	19.95	19.95	4	19.95
20160725:232000	19.53	19.53	19.53	19.53	4	19.53
20160722:071700	19.63	19.63	19.63	19.63	4	19.63
20160720:192800	19.48	19.48	19.47	19.47	4	19.47
20160719:034800	19.90	19.90	19.90	19.90	4	19.90
20160715:142700	20.10	20.10	20.09	20.09	4	20.09
20160714:030800	20.27	20.27	20.27	20.27	4	20.27
20160712:153800	20.29	20.30	20.29	20.30	4	20.30
20160711:073900	20.23	20.23	20.23	20.23	4	20.23
20160707:204900	19.65	19.65	19.65	19.65	4	19.65
20160706:113400	20.30	20.30	20.29	20.29	4	20.29
20160705:061000	19.93	19.95	19.93	19.95	4	19.95
20160703:221200	19.75	19.75	19.75	19.75	4	19.75
20160630:105500	18.36	18.36	18.36	18.36	4	18.36
20160628:171500	17.78	17.79	17.78	17.79	4	17.79
20160627:040100	17.65	17.65	17.65	17.65	4	17.65
20160623:174500	17.28	17.29	17.28	17.29	4	17.29
20160621:222300	17.23	17.23	17.23	17.23	4	17.23
20160620:055100	17.33	17.34	17.33	17.34	4	17.34
20160616:122100	17.73	17.74	17.72	17.73	4	17.73
20160614:194100	17.38	17.38	17.38	17.38	4	17.38
20160613:015200	17.15	17.15	17.15	17.15	4	17.15
20160609:071600	17.10	17.10	17.09	17.10	4	17.10
20160607:132300	16.30	16.31	16.30	16.31	4	16.31
20160603:140500	16.40	16.41	16.40	16.40	4	16.40
20160601:140200	15.97	15.97	15.96	15.96	4	15.96
20160530:150000	15.97	15.98	15.97	15.98	4	15.98
20160526:170300	16.31	16.32	16.31	16.32	4	16.32
20160524:223500	16.20	16.20	16.20	16.20	4	16.20
20160523:033700	16.49	16.49	16.49	16.49	4	16.49
20160519:083700	16.65	16.65	16.64	16.64	4	16.64
20160517:174800	17.20	17.21	17.20	17.20	4	17.20
20160516:022900	17.19	17.20	17.19	17.20	4	17.20
20160512:090600	17.28	17.28	17.28	17.28	4	17.28
20160510:161300	17.02	17.03	17.02	17.03	4	17.03
20160509:023300	17.40	17.41	17.40	17.40	4	17.40
20160505:121300	17.46	17.47	17.46	17.47	4	17.47
20160503:193900	17.40	17.40	17.40	17.40	4	17.40
20160502:095700	17.85	17.86	17.85	17.86	4	17.86
20160428:204200	17.55	17.55	17.54	17.54	4	17.54
20160427:110700	17.31	17.31	17.31	17.31	4	17.31
20160425:171200	17.02	17.02	17.01	17.01	4	17.01
20160422:073800	17.03	17.03	17.03	17.03	4	17.03
20160420:221000	16.93	16.93	16.93	16.93	4	16.93
20160419:105400	16.61	16.61	16.59	16.59	4	16.59
20160415:144000	16.15	16.15	16.15	16.15	4	16.15
20160413:211500	16.18	16.18	16.18	16.18	4	16.18
20160412:063200	15.85	15.85	15.85	15.85	4	15.85
20160408:071000	15.12	15.13	15.12	15.13	4	15.13
20160406:075600	15.08	15.08	15.07	15.07	4	15.07
20160404:083100	14.95	14.95	14.94	14.94	4	14.94
20160331:090800	15.35	15.35	15.34	15.34	4	15.34
20160329:121100	15.14	15.15	15.14	15.14	4	15.14
20160324:173800	15.17	15.17	15.17	15.17	4	15.17
20160322:205000	15.87	15.87	15.86	15.86	4	15.86
20160321:021300	15.77	15.77	15.77	15.77	4	15.77
20160317:093200	15.63	15.63	15.63	15.63	4	15.63
20160315:120400	15.28	15.28	15.28	15.28	4	15.28
20160311:135400	15.56	15.56	15.56	15.56	4	15.56
20160309:204600	15.24	15.24	15.24	15.24	4	15.24
20160308:054900	15.56	15.56	15.56	15.56	4	15.56
20160304:154700	15.63	15.63	15.59	15.59	4	15.59
20160302:203100	14.94	14.95	14.94	14.94	4	14.94
20160301:014600	14.92	14.92	14.92	14.92	4	14.92
20160226:053700	15.12	15.12	15.11	15.11	4	15.11
20160224:134800	15.47	15.47	15.47	15.47	4	15.47
20160222:151600	15.20	15.20	15.20	15.20	4	15.20
20160218:194000	15.42	15.43	15.42	15.42	4	15.42
20160217:001900	15.15	15.15	15.15	15.15	4	15.15
20160215:054200	15.35	15.35	15.35	15.35	4	15.35
20160211:145500	15.53	15.53	15.53	15.53	4	15.53
20160209:212800	15.22	15.22	15.22	15.22	4	15.22
20160208:085400	14.95	14.95	14.95	14.95	4	14.95
20160204:094700	14.71	14.71	14.71	14.71	4	14.71
20160202:072400	14.26	14.26	14.26	14.26	4	14.26
20160128:235900	14.23	14.23	14.23	14.23	4	14.23
20160126:215200	14.48	14.48	14.48	14.48	4	14.48
20160122:182500	14.04	14.04	14.02	14.02	4	14.02
20160120:150400	14.09	14.09	14.09	14.09	4	14.09
20160118:101000	13.91	13.91	13.91	13.91	4	13.91
20160114:064600	14.06	14.06	14.06	14.06	4	14.06
20160112:062800	13.81	13.81	13.81	13.81	4	13.81
20160108:071200	13.99	13.99	13.99	13.99	4	13.99
20160106:104100	13.97	13.97	13.97	13.97	4	13.97
20160104:065900	14.00	14.00	14.00	14.00	4	14.00
20151229:194700	13.94	13.95	13.94	13.95	4	13.95
20151224:135200	14.29	14.29	14.29	14.29	4	14.29
20151222:071000	14.25	14.25	14.25	14.25	4	14.25
20151218:072600	13.80	13.80	13.79	13.79	4	13.79
20151216:092700	13.79	13.79	13.79	13.79	4	13.79
20151214:072600	13.89	13.89	13.89	13.89	4	13.89
20151210:010600	14.16	14.16	14.16	14.16	4	14.16
20151208:010100	14.23	14.23	14.23	14.23	4	14.23
20151204:001600	14.11	14.11	14.11	14.11	4	14.11
20151201:213700	14.17	14.17	14.16	14.17	4	14.17
20151127:135000	14.01	14.01	14.01	14.01	4	14.01
20151125:092900	14.17	14.17	14.17	14.17	4	14.17
20151123:075200	14.00	14.00	14.00	14.00	4	14.00
20151119:043700	14.20	14.20	14.20	14.20	4	14.20
20151117:010400	14.24	14.24	14.24	14.24	4	14.24
20151112:202800	14.28	14.28	14.28	14.28	4	14.28
20151110:152400	14.34	14.34	14.34	14.34	4	14.34
20151106:091200	15.01	15.01	15.01	15.01	4	15.01
20151104:041600	15.30	15.30	15.30	15.30	4	15.30
20151030:195000	15.51	15.51	15.51	15.51	4	15.51
20151029:002700	15.87	15.87	15.87	15.87	4	15.87
20151026:194400	15.83	15.83	15.83	15.83	4	15.83
20151022:175700	15.82	15.83	15.82	15.83	4	15.83
20151020:173500	15.87	15.87	15.87	15.87	4	15.87
20151016:171600	16.07	16.07	16.07	16.07	4	16.07
20151014:165200	16.05	16.05	16.05	16.05	4	16.05
20151012:180000	15.86	15.86	15.85	15.85	4	15.85
20151008:193900	15.67	15.68	15.67	15.68	4	15.68
20151007:071800	15.91	15.91	15.91	15.91	4	15.91
20151005:101100	15.29	15.29	15.29	15.29	4	15.29
20151001:102700	14.50	14.50	14.50	14.50	4	14.50
20150929:095100	14.54	14.54	14.54	14.54	4	14.54
20150925:103600	15.05	15.05	15.05	15.05	4	15.05
20150923:095300	14.75	14.75	14.75	14.75	4	14.75
20150921:071200	15.20	15.20	15.20	15.20	4	15.20
20150917:094800	14.83	14.83	14.83	14.83	4	14.83
20150915:083200	14.31	14.31	14.31	14.31	4	14.31
20150911:080800	14.62	14.62	14.62	14.62	4	14.62
20150909:083400	14.75	14.75	14.75	14.75	4	14.75
20150907:034100	14.60	14.60	14.60	14.60	4	14.60
20150903:053400	14.63	14.63	14.63	14.63	4	14.63
20150901:094800	14.61	14.61	14.61	14.61	4	14.61
20150828:132300	14.44	14.45	14.44	14.45	4	14.45
20150827:004400	14.13	14.13	14.13	14.13	4	14.13
20150825:125500	14.79	14.79	14.79	14.79	4	14.79
20150824:040300	15.13	15.13	15.13	15.13	4	15.13
20150820:115300	15.37	15.37	15.37	15.37	4	15.37
20150818:150500	14.82	14.82	14.82	14.82	4	14.82
20150814:141400	15.55	15.56	15.55	15.56	4	15.56
20150812:163800	15.53	15.53	15.53	15.53	4	15.53
20150811:031800	15.23	15.23	15.23	15.23	4	15.23
20150807:064000	14.74	14.75	14.74	14.75	4	14.75
20150805:004600	14.56	14.56	14.56	14.56	4	14.56
20150803:024000	14.74	14.74	14.74	14.74	4	14.74
20150730:043800	14.74	14.74	14.74	14.74	4	14.74
20150728:030400	14.60	14.60	14.59	14.59	4	14.59
20150724:080600	14.61	14.61	14.59	14.59	4	14.59
20150722:115200	14.70	14.70	14.70	14.70	4	14.70
20150720:152100	14.93	14.94	14.93	14.94	4	14.94
20150716:152400	15.02	15.02	15.01	15.01	4	15.01
20150714:121400	15.31	15.32	15.31	15.32	4	15.32
20150710:122300	15.41	15.41	15.40	15.41	4	15.41
20150708:160800	15.17	15.19	15.17	15.19	4	15.19
20150707:000600	15.70	15.70	15.70	15.70	4	15.70
20150702:163500	15.61	15.61	15.61	15.61	4	15.61
20150630:172100	15.63	15.63	15.61	15.62	4	15.62
20150629:035600	15.88	15.88	15.88	15.88	4	15.88
20150625:044800	15.94	15.94	15.94	15.94	4	15.94
20150623:073100	16.08	16.08	16.08	16.08	4	16.08
20150619:092100	16.11	16.12	16.11	16.11	4	16.11
20150617:162600	16.00	16.00	16.00	16.00	4	16.00
20150615:152300	16.05	16.05	16.05	16.05	4	16.05
20150611:155000	15.92	15.92	15.92	15.92	4	15.92
20150609:210400	15.97	15.97	15.96	15.96	4	15.96
20150608:030000	16.11	16.11	16.10	16.11	4	16.11
20150604:085600	16.46	16.46	16.46	16.46	4	16.46
20150602:131500	16.74	16.78	16.73	16.78	4	16.78
20150529:162200	16.70	16.70	16.70	16.70	4	16.70
20150527:203900	16.66	16.66	16.66	16.66	4	16.66
20150526:003600	17.10	17.10	17.10	17.10	4	17.10
20150521:222900	17.14	17.14	17.14	17.14	4	17.14
20150520:060700	16.99	17.00	16.98	16.99	4	16.99
20150518:140300	17.61	17.63	17.61	17.63	4	17.63
20150514:235000	17.49	17.49	17.48	17.48	4	17.48
20150513:100300	16.66	16.66	16.66	16.66	4	16.66
20150511:141500	16.48	16.49	16.48	16.49	4	16.49
20150507:181000	16.28	16.28	16.28	16.28	4	16.28
20150506:042800	16.51	16.51	16.51	16.51	4	16.51
20150504:121600	16.33	16.33	16.32	16.32	4	16.32
20150430:171500	16.03	16.03	16.03	16.03	4	16.03
20150429:031400	16.55	16.55	16.55	16.55	4	16.55
20150427:113400	15.83	15.84	15.83	15.83	4	15.83
20150423:122300	15.86	15.87	15.86	15.87	4	15.87
20150421:162600	15.99	16.00	15.99	15.99	4	15.99
20150419:222300	16.30	16.30	16.29	16.29	4	16.29
20150416:053100	16.40	16.40	16.38	16.38	4	16.38
20150414:122200	16.04	16.04	16.02	16.02	4	16.02
20150410:192300	16.48	16.48	16.48	16.48	4	16.48
20150409:053000	16.40	16.40	16.39	16.39	4	16.39
20150407:120400	16.86	16.86	16.86	16.86	4	16.86
20150403:045600	16.75	16.75	16.75	16.75	4	16.75
20150401:103800	16.51	16.51	16.51	16.51	4	16.51
20150330:180800	16.67	16.67	16.66	16.66	4	16.66
20150327:055600	17.06	17.06	17.06	17.06	4	17.06
20150325:151300	16.97	16.97	16.97	16.97	4	16.97
20150324:042500	16.86	16.86	16.86	16.86	4	16.86
20150320:140200	16.37	16.37	16.37	16.37	4	16.37
20150319:002300	15.97	15.98	15.97	15.98	4	15.98
20150317:085400	15.57	15.57	15.57	15.57	4	15.57
20150313:122000	15.54	15.54	15.53	15.54	4	15.54
20150311:175400	15.35	15.36	15.35	15.36	4	15.36
20150310:031200	15.73	15.73	15.73	15.73	4	15.73
20150306:072400	16.15	16.15	16.15	16.15	4	16.15
20150304:135000	16.27	16.27	16.26	16.27	4	16.27
20150302:224000	16.40	16.40	16.40	16.40	4	16.40
20150227:050700	16.55	16.55	16.54	16.54	4	16.54
20150225:145400	16.51	16.52	16.51	16.52	4	16.52
20150224:025500	16.35	16.35	16.34	16.34	4	16.34
20150220:134600	16.43	16.44	16.43	16.44	4	16.44
20150219:030300	16.70	16.70	16.70	16.70	4	16.70
20150217:123800	16.73	16.74	16.73	16.74	4	16.74
20150213:133900	17.17	17.18	17.15	17.15	4	17.15
20150211:180500	16.79	16.80	16.79	16.80	4	16.80
20150210:010100	17.03	17.05	17.03	17.05	4	17.05
20150206:084800	17.20	17.20	17.19	17.19	4	17.19
20150204:173000	17.41	17.42	17.41	17.41	4	17.41
20150203:091100	17.61	17.61	17.61	17.61	4	17.61
20150129:195500	16.83	16.83	16.83	16.83	4	16.83
20150128:120000	17.98	17.98	17.97	17.97	4	17.97
20150126:205300	17.88	17.88	17.88	17.88	4	17.88
20150123:103900	18.18	18.18	18.18	18.18	4	18.18
20150121:204700	18.14	18.14	18.14	18.14	4	18.14
20150120:131000	17.82	17.84	17.82	17.84	4	17.84
20150116:190900	17.66	17.67	17.66	17.66	4	17.66
20150115:094200	16.76	16.77	16.76	16.77	4	16.77
20150114:002600	17.06	17.06	17.05	17.05	4	17.05
20150112:102800	16.53	16.53	16.53	16.53	4	16.53
20150108:162100	16.43	16.44	16.43	16.43	4	16.43
20150107:023800	16.50	16.50	16.50	16.50	4	16.50
20150105:141000	16.01	16.03	16.01	16.03	4	16.03
20150102:014000	15.79	15.79	15.79	15.79	4	15.79
20141229:133700	16.09	16.10	16.09	16.10	4	16.10
20141224:153900	15.72	15.72	15.71	15.71	4	15.71
20141222:210000	15.63	15.64	15.63	15.64	4	15.64
20141219:052400	15.89	15.89	15.89	15.89	4	15.89
20141217:174300	15.88	15.89	15.88	15.89	4	15.89
20141216:081400	16.13	16.14	16.13	16.14	4	16.14
20141212:174500	17.05	17.05	17.05	17.05	4	17.05
20141211:075500	17.02	17.02	17.02	17.02	4	17.02
20141209:185200	17.09	17.09	17.09	17.09	4	17.09
20141208:074100	16.29	16.30	16.29	16.30	4	16.30
20141204:134500	16.54	16.55	16.54	16.55	4	16.55
20141202:230000	16.45	16.46	16.45	16.46	4	16.46
20141201:152300	16.16	16.17	16.16	16.17	4	16.17
20141128:055500	16.08	16.08	16.08	16.08	4	16.08
20141126:084900	16.56	16.57	16.56	16.56	4	16.56
20141124:135200	16.42	16.43	16.42	16.43	4	16.43
20141121:010200	16.21	16.22	16.21	16.22	4	16.22
20141119:151400	16.25	16.26	16.25	16.25	4	16.25
20141118:032700	16.10	16.10	16.10	16.10	4	16.10
20141114:160900	15.82	15.83	15.82	15.83	4	15.83
20141113:032500	15.64	15.64	15.63	15.63	4	15.63
20141111:145700	15.58	15.58	15.58	15.58	4	15.58
20141110:031900	15.83	15.83	15.83	15.83	4	15.83
20141106:132800	15.36	15.37	15.36	15.36	4	15.36
20141105:033200	15.86	15.87	15.86	15.87	4	15.87
20141103:120300	16.12	16.12	16.12	16.12	4	16.12
20141031:004300	16.50	16.50	16.50	16.50	4	16.50
20141029:111100	17.20	17.20	17.19	17.19	4	17.19
20141027:154000	17.19	17.19	17.18	17.19	4	17.19
20141023:180100	17.18	17.18	17.18	17.18	4	17.18
20141021:171500	17.53	17.53	17.52	17.53	4	17.53
20141017:163200	17.30	17.30	17.30	17.30	4	17.30
20141016:021700	17.47	17.47	17.47	17.47	4	17.47
20141014:100400	17.46	17.46	17.46	17.46	4	17.46
20141010:114500	17.29	17.29	17.29	17.29	4	17.29
20141008:181100	17.26	17.28	17.26	17.27	4	17.27
20141007:043100	17.27	17.27	17.27	17.27	4	17.27
20141003:085400	17.01	17.03	17.01	17.02	4	17.02
20141001:152200	17.27	17.28	17.27	17.27	4	17.27
20140918:191300	18.54	18.54	18.54	18.54	4	18.54
20140916:191100	18.72	18.72	18.72	18.72	4	18.72
20140912:143300	18.57	18.57	18.56	18.56	4	18.56
20140910:153100	18.91	18.92	18.91	18.92	4	18.92
20140908:162000	18.98	18.98	18.97	18.97	4	18.97
20140904:125000	19.19	19.20	19.19	19.19	4	19.19
20140902:093400	19.37	19.37	19.37	19.37	4	19.37
20140828:172400	19.53	19.54	19.53	19.54	4	19.54
20140826:142600	19.49	19.49	19.49	19.49	4	19.49
20140822:085200	19.55	19.55	19.54	19.54	4	19.54
20140820:075400	19.41	19.41	19.41	19.41	4	19.41
20140818:023400	19.53	19.53	19.53	19.53	4	19.53
20140814:010300	19.85	19.85	19.84	19.84	4	19.84
20140811:195700	20.03	20.03	20.03	20.03	4	20.03
20140807:191700	19.98	19.98	19.98	19.98	4	19.98
20140805:192400	19.82	19.82	19.82	19.82	4	19.82
20140801:153200	20.35	20.36	20.35	20.36	4	20.36
20140730:171400	20.52	20.53	20.52	20.52	4	20.52
20140728:162800	20.52	20.52	20.52	20.52	4	20.52
20140724:165000	20.44	20.44	20.44	20.44	4	20.44
20140722:183200	20.94	20.94	20.93	20.94	4	20.94
20140718:172700	20.81	20.81	20.81	20.81	4	20.81
20140717:000000	20.72	20.72	20.72	20.72	4	20.72
20140715:030500	20.87	20.87	20.87	20.87	4	20.87
20140711:015900	21.45	21.45	21.45	21.45	4	21.45
20140709:065200	21.10	21.10	21.09	21.09	4	21.09
20140707:043900	21.04	21.04	21.04	21.04	4	21.04
20140702:235700	21.11	21.11	21.11	21.11	4	21.11
20140701:053200	21.08	21.08	21.08	21.08	4	21.08
20140627:113200	20.98	20.98	20.98	20.98	4	20.98
20140625:133500	20.95	20.95	20.95	20.95	4	20.95
20140623:160400	20.88	20.88	20.88	20.88	4	20.88
20140620:000100	20.71	20.71	20.71	20.71	4	20.71
20140618:082600	19.68	19.68	19.68	19.68	4	19.68
20140616:115000	19.66	19.66	19.66	19.66	4	19.66
20140612:150900	19.44	19.44	19.44	19.44	4	19.44
20140610:144600	19.19	19.20	19.19	19.20	4	19.20
20140606:110700	19.00	19.00	19.00	19.00	4	19.00
20140604:094400	18.80	18.80	18.80	18.80	4	18.80
20140602:121100	18.80	18.80	18.80	18.80	4	18.80
20140529:134000	18.94	18.94	18.93	18.93	4	18.93
20140527:155500	19.06	19.06	19.06	19.06	4	19.06
20140523:084800	19.39	19.39	19.39	19.39	4	19.39
20140521:102300	19.39	19.39	19.39	19.39	4	19.39
20140519:110700	19.55	19.55	19.54	19.55	4	19.55
20140515:124900	19.50	19.52	19.50	19.52	4	19.52
20140513:144300	19.52	19.52	19.51	19.51	4	19.51
20140509:194500	19.11	19.11	19.11	19.11	4	19.11
20140508:010300	19.31	19.32	19.31	19.31	4	19.31
20140506:031000	19.50	19.51	19.50	19.50	4	19.50
20140502:075200	19.05	19.05	19.05	19.05	4	19.05
20140430:141200	19.11	19.13	19.11	19.13	4	19.13
20140428:160500	19.51	19.51	19.50	19.51	4	19.51
20140424:203900	19.63	19.63	19.63	19.63	4	19.63
20140423:014200	19.46	19.47	19.46	19.47	4	19.47
20140421:030600	19.27	19.28	19.27	19.28	4	19.28
20140416:142000	19.55	19.55	19.54	19.55	4	19.55
20140414:213900	19.95	19.95	19.95	19.95	4	19.95
20140410:231400	20.00	20.00	20.00	20.00	4	20.00
20140409:061600	20.01	20.02	20.01	20.01	4	20.01
20140407:084400	19.82	19.82	19.81	19.81	4	19.81
20140403:084000	19.85	19.86	19.85	19.86	4	19.86
20140401:105000	19.80	19.80	19.80	19.80	4	19.80
20140328:163900	19.76	19.76	19.76	19.76	4	19.76
20140327:020400	19.72	19.72	19.72	19.72	4	19.72
20140325:100000	20.11	20.12	20.11	20.12	4	20.12
20140321:151400	20.35	20.35	20.35	20.35	4	20.35
20140320:020700	20.64	20.64	20.64	20.64	4	20.64
20140318:134900	20.75	20.75	20.75	20.75	4	20.75
20140317:014400	21.28	21.29	21.28	21.28	4	21.28
20140313:113200	21.25	21.26	21.25	21.26	4	21.26
20140312:011100	20.89	20.89	20.87	20.87	4	20.87
20140310:103200	20.90	20.90	20.89	20.89	4	20.89
20140306:181400	21.51	21.52	21.51	21.52	4	21.52
20140304:221500	21.13	21.13	21.13	21.13	4	21.13
20140303:100900	21.42	21.42	21.42	21.42	4	21.42
20140227:210800	21.27	21.27	21.27	21.27	4	21.27
20140226:102300	21.90	21.91	21.90	21.91	4	21.91
20140224:221200	21.94	21.94	21.94	21.94	4	21.94
20140221:095000	21.71	21.71	21.70	21.70	4	21.70
20140219:200900	21.63	21.64	21.63	21.64	4	21.64
20140218:081800	21.56	21.56	21.56	21.56	4	21.56
20140214:145600	21.25	21.25	21.24	21.24	4	21.24
20140213:010100	20.25	20.26	20.25	20.25	4	20.25
20140211:094400	20.15	20.15	20.14	20.15	4	20.15
20140207:150000	19.88	19.88	19.87	19.87	4	19.87
20140205:220300	19.87	19.88	19.87	19.88	4	19.88
20140204:072200	19.38	19.38	19.38	19.38	4	19.38
20140131:131400	19.34	19.34	19.33	19.33	4	19.33
20140129:222000	19.69	19.69	19.69	19.69	4	19.69
20140128:084800	19.72	19.72	19.72	19.72	4	19.72
20140124:170800	19.81	19.81	19.80	19.80	4	19.80
20140123:034200	19.71	19.72	19.71	19.72	4	19.72
20140121:072900	20.17	20.17	20.17	20.17	4	20.17
20140117:042300	20.11	20.11	20.11	20.11	4	20.11
20140115:080400	20.09	20.09	20.08	20.08	4	20.08
20140113:151700	20.11	20.11	20.11	20.11	4	20.11
20140109:233100	19.56	19.56	19.55	19.55	4	19.55
20140108:100800	19.51	19.51	19.51	19.51	4	19.51
20140106:182300	20.08	20.08	20.08	20.08	4	20.08
20140103:045000	20.07	20.07	20.06	20.06	4	20.06
20131231:153700	19.72	19.80	19.72	19.80	4	19.80
20131229:232800	20.16	20.16	20.15	20.15	4	20.15
20131226:033200	19.44	19.45	19.44	19.45	4	19.45
20131220:104800	19.34	19.35	19.34	19.35	4	19.35
20131219:012500	19.84	19.85	19.84	19.84	4	19.84
20131217:141100	19.79	19.80	19.78	19.78	4	19.78
20131215:233500	19.67	19.67	19.67	19.67	4	19.67
20131212:111300	19.93	19.93	19.92	19.92	4	19.92
20131210:175300	20.33	20.33	20.32	20.32	4	20.32
20131209:023300	19.54	19.54	19.54	19.54	4	19.54
20131205:125900	19.41	19.41	19.39	19.40	4	19.40
20131203:230800	19.09	19.09	19.09	19.09	4	19.09
20131202:114400	19.68	19.68	19.67	19.67	4	19.67
20131128:081600	19.70	19.70	19.70	19.70	4	19.70
20131126:145200	20.00	20.00	19.98	19.98	4	19.98
20131125:014900	19.73	19.73	19.73	19.73	4	19.73
20131121:074700	19.87	19.87	19.87	19.87	4	19.87
20131119:160000	20.42	20.42	20.41	20.42	4	20.42
20131117:232300	20.77	20.77	20.77	20.77	4	20.77
20131114:085300	20.77	20.77	20.77	20.77	4	20.77
20131112:193900	20.59	20.59	20.59	20.59	4	20.59
20131111:041800	21.36	21.36	21.34	21.34	4	21.34
20131107:125500	21.73	21.73	21.73	21.73	4	21.73
20131105:165100	21.64	21.64	21.64	21.64	4	21.64
20131104:022700	21.85	21.85	21.84	21.84	4	21.84
20131031:115400	22.34	22.34	22.34	22.34	4	22.34
20131029:232700	22.45	22.45	22.45	22.45	4	22.45
20131028:090600	22.48	22.48	22.46	22.46	4	22.46
20131024:155200	22.79	22.79	22.79	22.79	4	22.79
20131023:051700	22.67	22.67	22.66	22.66	4	22.66
20131021:123200	22.10	22.10	22.10	22.10	4	22.10
20131018:005600	21.86	21.86	21.86	21.86	4	21.86
20131016:163400	21.28	21.29	21.28	21.29	4	21.29
20131015:104600	20.67	20.68	20.67	20.67	4	20.67
20131014:015900	21.16	21.16	21.16	21.16	4	21.16
20131010:161000	21.91	21.91	21.91	21.91	4	21.91
20131009:075300	22.22	22.23	22.22	22.23	4	22.23
20131007:200300	22.31	22.31	22.31	22.31	4	22.31
20131004:110000	21.62	21.63	21.62	21.62	4	21.62
20131003:015000	21.66	21.66	21.66	21.66	4	21.66
20131001:171400	20.96	20.98	20.96	20.98	4	20.98
20130930:072000	21.81	21.81	21.81	21.81	4	21.81
20130926:183200	21.70	21.70	21.69	21.69	4	21.69
20130925:083700	21.59	21.59	21.57	21.57	4	21.57
20130924:004300	21.74	21.74	21.73	21.74	4	21.74
20130920:163600	21.82	21.82	21.78	21.79	4	21.79
20130919:102400	22.90	22.90	22.89	22.89	4	22.89
20130918:062700	21.58	21.59	21.58	21.59	4	21.59
20130916:202000	21.70	21.71	21.69	21.71	4	21.71
20130913:134800	21.79	21.79	21.78	21.78	4	21.78
20130912:082500	22.70	22.70	22.70	22.70	4	22.70
20130910:230000	23.01	23.01	23.01	23.01	4	23.01
20130909:124800	23.48	23.48	23.48	23.48	4	23.48
20130906:010100	23.24	23.29	23.24	23.28	4	23.28
20130904:160800	23.43	23.43	23.42	23.42	4	23.42
20130903:094500	24.21	24.22	24.21	24.22	4	24.22
20130901:231600	23.24	23.26	23.24	23.26	4	23.26
20130829:151800	23.81	23.81	23.80	23.81	4	23.81
20130828:103400	24.71	24.71	24.71	24.71	4	24.71
20130827:045300	24.11	24.12	24.11	24.12	4	24.12
20130825:220000	24.04	24.04	24.04	24.04	4	24.04
20130822:120700	23.09	23.09	23.09	23.09	4	23.09
20130821:062700	22.83	22.84	22.83	22.83	4	22.83
20130819:225300	23.13	23.16	23.13	23.16	4	23.16
20130816:144300	23.01	23.02	23.01	23.02	4	23.02
20130815:100200	22.04	22.04	22.04	22.04	4	22.04
20130814:025800	21.40	21.41	21.40	21.41	4	21.41
20130812:183200	21.42	21.42	21.42	21.42	4	21.42
20130809:104500	20.26	20.26	20.26	20.26	4	20.26
20130808:012800	19.64	19.64	19.63	19.64	4	19.64
20130806:121400	19.64	19.65	19.64	19.65	4	19.65
20130804:231000	19.86	19.86	19.86	19.86	4	19.86
20130801:122100	19.86	19.86	19.85	19.85	4	19.85
20130730:224800	19.74	19.74	19.73	19.73	4	19.73
20130729:092000	19.88	19.89	19.88	19.88	4	19.88
20130725:192200	20.20	20.20	20.20	20.20	4	20.20
20130724:084700	20.33	20.34	20.33	20.34	4	20.34
20130722:195000	20.47	20.47	20.47	20.47	4	20.47
20130719:093700	19.33	19.34	19.33	19.34	4	19.34
20130717:221100	19.34	19.34	19.33	19.34	4	19.34
20130716:115500	19.95	19.95	19.95	19.95	4	19.95
20130715:010500	19.91	19.96	19.91	19.96	4	19.96
20130711:041200	19.87	19.88	19.87	19.88	4	19.88
20130709:203900	19.26	19.26	19.26	19.26	4	19.26
20130708:103900	19.09	19.09	19.07	19.07	4	19.07
20130705:015500	19.36	19.36	19.36	19.36	4	19.36
20130703:121500	19.80	19.81	19.80	19.81	4	19.81
20130702:054400	19.65	19.65	19.65	19.65	4	19.65
20130701:003900	19.70	19.70	19.69	19.69	4	19.69
20130627:192400	18.56	18.56	18.54	18.55	4	18.55
20130626:153800	18.66	18.68	18.65	18.68	4	18.68
20130625:101900	19.71	19.71	19.69	19.69	4	19.69
20130624:050000	19.74	19.75	19.74	19.74	4	19.74
20130620:232200	19.76	19.76	19.75	19.75	4	19.75
20130619:181500	21.80	21.80	21.75	21.75	4	21.75
20130618:055900	21.80	21.80	21.79	21.80	4	21.80
20130614:132000	22.04	22.04	22.02	22.03	4	22.03
20130613:044000	21.82	21.83	21.82	21.82	4	21.82
20130611:152000	21.68	21.69	21.68	21.69	4	21.69
20130610:075500	21.55	21.55	21.54	21.55	4	21.55
20130606:224200	22.61	22.61	22.61	22.61	4	22.61
20130605:130900	22.62	22.62	22.60	22.60	4	22.60
20130604:023600	22.66	22.66	22.66	22.66	4	22.66
20130531:151200	22.26	22.27	22.26	22.27	4	22.27
20130530:082900	22.67	22.67	22.67	22.67	4	22.67
20130528:221000	22.32	22.32	22.31	22.31	4	22.31
20130527:082400	22.65	22.65	22.65	22.65	4	22.65
20130523:201100	22.59	22.59	22.59	22.59	4	22.59
20130522:164400	22.53	22.54	22.53	22.53	4	22.53
20130521:111200	22.40	22.40	22.40	22.40	4	22.40
20130520:073700	21.48	21.48	21.46	21.47	4	21.47
20130517:024000	22.63	22.64	22.63	22.64	4	22.64
20130515:204000	22.60	22.60	22.60	22.60	4	22.60
20130514:135800	23.55	23.56	23.55	23.56	4	23.56
20130513:054600	23.70	23.70	23.67	23.68	4	23.68
20130509:234400	23.62	23.63	23.62	23.63	4	23.63
20130508:142300	23.88	23.89	23.88	23.89	4	23.89
20130507:071500	23.59	23.60	23.59	23.60	4	23.60
20130503:193200	24.07	24.07	24.07	24.07	4	24.07
20130502:132000	24.09	24.13	24.09	24.13	4	24.13
20130501:074500	24.18	24.18	24.18	24.18	4	24.18
20130429:201800	24.47	24.47	24.47	24.47	4	24.47
20130426:122400	23.98	23.98	23.95	23.95	4	23.95
20130425:071700	23.27	23.28	23.26	23.26	4	23.26
20130424:011900	23.11	23.14	23.11	23.14	4	23.14
20130422:190000	23.39	23.40	23.39	23.40	4	23.40
20130419:134800	23.32	23.33	23.32	23.33	4	23.33
20130418:094800	23.51	23.51	23.49	23.50	4	23.50
20130417:071600	23.45	23.46	23.45	23.46	4	23.46
20130416:052400	23.07	23.08	23.07	23.08	4	23.08
20130415:043200	24.47	24.48	24.47	24.48	4	24.48
20130411:200600	27.60	27.62	27.60	27.62	4	27.62
20130410:130800	27.72	27.72	27.71	27.72	4	27.72
20130409:015800	27.30	27.31	27.30	27.31	4	27.31
20130405:130500	27.04	27.04	27.02	27.02	4	27.02
20130404:060000	26.93	26.93	26.92	26.93	4	26.93
20130402:224600	27.26	27.26	27.25	27.25	4	27.25
20130401:103600	28.05	28.05	28.05	28.05	4	28.05
20130328:072700	28.69	28.69	28.68	28.68	4	28.68
20130326:171200	28.64	28.64	28.64	28.64	4	28.64
20130325:054400	28.82	28.83	28.82	28.83	4	28.83
20130321:143300	29.22	29.22	29.20	29.21	4	29.21
20130320:011400	28.87	28.87	28.86	28.87	4	28.87
20130318:124400	29.00	29.00	29.00	29.00	4	29.00
20130315:024600	28.83	28.83	28.83	28.83	4	28.83
20130313:144600	28.87	28.87	28.86	28.86	4	28.86
20130312:022800	28.95	28.96	28.95	28.96	4	28.96
20130308:140600	28.48	28.49	28.46	28.46	4	28.46
20130307:035100	28.93	28.94	28.93	28.94	4	28.94
20130305:173500	28.60	28.60	28.60	28.60	4	28.60
20130304:100800	28.73	28.73	28.72	28.72	4	28.72
20130301:025400	28.58	28.58	28.57	28.58	4	28.58
20130227:182600	28.96	28.97	28.96	28.97	4	28.97
20130226:114500	28.81	28.81	28.80	28.81	4	28.81
20130225:054300	28.84	28.84	28.83	28.83	4	28.83
20130221:200900	28.60	28.60	28.60	28.60	4	28.60
20130220:160900	28.55	28.55	28.53	28.53	4	28.53
20130219:084800	30.00	30.00	29.98	29.99	4	29.99
20130215:175000	29.79	29.79	29.78	29.79	4	29.79
20130214:111000	30.78	30.78	30.77	30.78	4	30.78
20130212:201000	31.05	31.05	31.05	31.05	4	31.05
20130211:130900	31.16	31.16	31.16	31.16	4	31.16
20130207:223600	31.45	31.45	31.45	31.45	4	31.45
20130206:133100	31.78	31.78	31.76	31.78	4	31.78
20130205:030500	31.68	31.68	31.68	31.68	4	31.68
20130201:152000	31.78	31.79	31.78	31.78	4	31.78
20130131:061000	32.08	32.08	32.08	32.08	4	32.08
20130129:181600	31.13	31.13	31.12	31.13	4	31.13
20130128:093300	31.01	31.01	30.99	30.99	4	30.99
20130124:231300	31.66	31.67	31.66	31.67	4	31.67
20130123:135900	32.34	32.35	32.34	32.35	4	32.35
20130122:020100	31.93	31.93	31.93	31.93	4	31.93
20130118:113700	31.81	31.81	31.79	31.79	4	31.79
20130117:025200	31.38	31.38	31.38	31.38	4	31.38
20130115:171100	31.27	31.28	31.27	31.28	4	31.28
20130114:113100	30.73	30.73	30.73	30.73	4	30.73
20130110:215200	30.81	30.82	30.81	30.82	4	30.82
20130109:135600	30.38	30.38	30.38	30.38	4	30.38
20130108:043100	30.11	30.11	30.10	30.10	4	30.10
20130104:184300	29.92	29.93	29.92	29.93	4	29.93
20130103:141900	30.77	30.78	30.77	30.78	4	30.78
20130102:051800	30.53	30.53	30.53	30.53	4	30.53
20121231:013400	30.20	30.20	30.19	30.20	4	30.20
20121227:113500	29.90	29.90	29.88	29.88	4	29.88
20121224:150600	30.08	30.09	30.08	30.09	4	30.09
20121221:060900	29.81	29.81	29.81	29.81	4	29.81
20121219:203800	31.12	31.13	31.12	31.13	4	31.13
20121218:135600	32.35	32.35	32.35	32.35	4	32.35
20121217:020300	32.36	32.37	32.36	32.36	4	32.36
20121213:164000	32.51	32.52	32.50	32.51	4	32.51
20121212:112500	33.08	33.10	33.08	33.10	4	33.10
20121210:203800	33.23	33.23	33.22	33.22	4	33.22
20121207:102200	32.91	32.91	32.90	32.90	4	32.90
20121206:015900	32.74	32.75	32.74	32.75	4	32.75
20121204:180800	32.73	32.74	32.73	32.73	4	32.73
20121203:121300	33.44	33.45	33.44	33.45	4	33.45
20121130:040900	34.15	34.15	34.14	34.14	4	34.14
20121128:170700	33.40	33.42	33.40	33.41	4	33.41
20121127:091700	34.11	34.11	34.11	34.11	4	34.11
20121123:190400	34.10	34.10	34.10	34.10	4	34.10
20121122:043800	33.34	33.34	33.33	33.33	4	33.33
20121120:181000	32.94	32.94	32.93	32.93	4	32.93
20121119:105800	32.64	32.64	32.64	32.64	4	32.64
20121116:024300	32.49	32.49	32.49	32.49	4	32.49
20121114:191300	32.75	32.75	32.75	32.75	4	32.75
20121113:125300	32.58	32.58	32.58	32.58	4	32.58
20121112:054500	32.67	32.68	32.67	32.68	4	32.68
20121108:210100	32.37	32.37	32.36	32.36	4	32.36
20121107:150800	31.70	31.72	31.70	31.71	4	31.71
20121106:110400	31.29	31.29	31.29	31.29	4	31.29
20121105:032400	30.90	30.90	30.89	30.89	4	30.89
20121101:175000	32.23	32.23	32.23	32.23	4	32.23
20121031:092900	32.11	32.11	32.11	32.11	4	32.11
20121029:214500	31.76	31.76	31.76	31.76	4	31.76
20121026:102500	31.70	31.71	31.70	31.70	4	31.70
20121025:034000	31.86	31.86	31.86	31.86	4	31.86
20121023:185900	31.59	31.59	31.59	31.59	4	31.59
20121022:132400	32.13	32.14	32.13	32.14	4	32.14
20121019:063100	32.62	32.62	32.62	32.62	4	32.62
20121017:171900	33.15	33.15	33.15	33.15	4	33.15
20121016:093800	32.73	32.74	32.73	32.74	4	32.74
20121015:003700	33.15	33.16	33.15	33.15	4	33.15
20121011:144400	34.21	34.22	34.21	34.22	4	34.22
20121010:085900	33.85	33.85	33.85	33.85	4	33.85
20121008:231700	34.00	34.00	34.00	34.00	4	34.00
20121005:140600	34.82	34.84	34.82	34.82	4	34.82
20121004:051300	34.77	34.77	34.77	34.77	4	34.77
20121002:172300	34.57	34.57	34.51	34.54	4	34.54
20121001:115500	34.30	34.30	34.30	34.30	4	34.30
20120928:041300	34.75	34.75	34.75	34.75	4	34.75
20120926:192500	33.94	33.95	33.94	33.94	4	33.94
20120925:134800	34.22	34.23	34.21	34.22	4	34.22
20120924:082200	33.81	33.81	33.77	33.77	4	33.77
20120921:020000	34.74	34.75	34.74	34.75	4	34.75
20120919:184700	34.59	34.59	34.59	34.59	4	34.59
20120918:134700	34.55	34.56	34.52	34.56	4	34.56
20120917:083100	34.49	34.50	34.49	34.50	4	34.50
20120914:025300	34.62	34.62	34.62	34.62	4	34.62
20120912:193100	33.23	33.23	33.22	33.22	4	33.22
20120911:134100	33.69	33.69	33.69	33.69	4	33.69
20120910:080400	33.66	33.66	33.65	33.65	4	33.65
20120906:230300	32.61	32.61	32.61	32.61	4	32.61
20120905:142100	32.19	32.19	32.18	32.18	4	32.18
20120904:054900	32.14	32.14	32.13	32.13	4	32.13
20120831:150900	31.04	31.06	31.04	31.05	4	31.05
20120830:054700	30.74	30.74	30.74	30.74	4	30.74
20120828:171600	30.86	30.86	30.85	30.85	4	30.85
20120827:094800	30.80	30.81	30.80	30.81	4	30.81
20120824:005300	30.49	30.49	30.49	30.49	4	30.49
20120822:154200	29.46	29.48	29.46	29.47	4	29.47
20120821:050900	28.75	28.75	28.74	28.75	4	28.75
20120817:122900	28.16	28.20	28.16	28.20	4	28.20
20120815:172100	27.83	27.84	27.83	27.84	4	27.84
20120814:070900	27.92	27.93	27.92	27.93	4	27.93
20120810:155500	28.11	28.11	28.11	28.11	4	28.11
20120809:041700	28.12	28.12	28.12	28.12	4	28.12
20120807:164100	28.12	28.13	28.12	28.12	4	28.12
20120806:070600	27.66	27.66	27.66	27.66	4	27.66
20120802:163200	27.04	27.04	27.00	27.00	4	27.00
20120801:094000	27.91	27.91	27.91	27.91	4	27.91
20120730:212000	28.18	28.18	28.18	28.18	4	28.18
20120727:114900	27.74	27.74	27.71	27.71	4	27.71
20120726:042900	27.30	27.30	27.30	27.30	4	27.30
20120724:203200	26.98	26.98	26.94	26.94	4	26.94
20120723:135000	26.80	26.82	26.80	26.80	4	26.80
20120720:044000	27.20	27.20	27.20	27.20	4	27.20
20120718:164000	27.12	27.13	27.12	27.12	4	27.12
20120717:090100	27.52	27.53	27.52	27.53	4	27.53
20120713:192800	27.32	27.32	27.32	27.32	4	27.32
20120712:130800	26.61	26.62	26.61	26.61	4	26.61
20120711:072500	27.05	27.05	27.04	27.05	4	27.05
20120709:222000	27.33	27.34	27.31	27.31	4	27.31
20120706:130600	27.19	27.23	27.18	27.22	4	27.22
20120705:064800	28.16	28.17	28.16	28.17	4	28.17
20120703:172100	28.32	28.32	28.31	28.31	4	28.31
20120702:104900	27.31	27.32	27.31	27.32	4	27.32
20120629:034700	26.77	26.78	26.76	26.76	4	26.76
20120627:192900	26.92	26.92	26.91	26.91	4	26.91
20120626:123200	27.27	27.28	27.26	27.27	4	27.27
20120625:061000	26.86	26.86	26.86	26.86	4	26.86
20120621:230200	26.92	26.93	26.92	26.92	4	26.92
20120620:174000	28.30	28.31	28.29	28.29	4	28.29
20120619:104700	28.81	28.82	28.81	28.82	4	28.82
20120618:044800	28.63	28.64	28.63	28.64	4	28.64
20120614:183500	28.48	28.48	28.46	28.46	4	28.46
20120613:125400	28.93	28.93	28.90	28.92	4	28.92
20120612:075700	28.45	28.46	28.45	28.46	4	28.46
20120611:011700	28.90	28.92	28.90	28.92	4	28.92
20120607:190400	28.59	28.60	28.59	28.60	4	28.60
20120606:141600	29.80	29.81	29.77	29.78	4	29.78
20120605:085400	28.14	28.15	28.14	28.15	4	28.15
20120604:041200	28.40	28.40	28.40	28.40	4	28.40
20120531:231200	27.70	27.71	27.70	27.71	4	27.71
20120530:181200	28.05	28.06	28.05	28.06	4	28.06
20120529:144200	28.54	28.55	28.54	28.55	4	28.55
20120528:073000	28.63	28.63	28.63	28.63	4	28.63
20120525:013900	28.08	28.08	28.08	28.08	4	28.08
20120523:205600	27.79	27.79	27.78	27.78	4	27.78
20120522:174800	28.23	28.25	28.23	28.25	4	28.25
20120521:121100	28.36	28.36	28.34	28.34	4	28.34
20120518:070000	27.99	28.00	27.98	27.98	4	27.98
20120517:024100	27.51	27.51	27.51	27.51	4	27.51
20120515:220300	27.69	27.69	27.68	27.68	4	27.68
20120514:153800	28.38	28.39	28.38	28.39	4	28.39
20120511:083700	28.61	28.62	28.61	28.62	4	28.62
20120510:000900	29.16	29.16	29.16	29.16	4	29.16
20120508:165800	29.27	29.27	29.27	29.27	4	29.27
20120507:074000	30.17	30.17	30.16	30.17	4	30.17
20120503:181800	30.11	30.12	30.11	30.12	4	30.12
20120502:103100	30.73	30.73	30.71	30.71	4	30.71
20120430:205500	31.00	31.00	31.00	31.00	4	31.00
20120427:091700	31.11	31.11	31.11	31.11	4	31.11
20120425:231300	30.69	30.69	30.69	30.69	4	30.69
20120424:125100	30.91	30.92	30.91	30.92	4	30.92
20120423:044200	31.59	31.59	31.59	31.59	4	31.59
20120419:141400	31.77	31.79	31.76	31.78	4	31.78
20120418:052800	31.78	31.78	31.78	31.78	4	31.78
20120416:175600	31.49	31.53	31.49	31.53	4	31.53
20120413:114800	32.28	32.28	32.28	32.28	4	32.28
20120412:032200	31.58	31.58	31.58	31.58	4	31.58
20120410:192000	31.70	31.70	31.69	31.70	4	31.70
20120409:123200	31.76	31.76	31.75	31.76	4	31.76
20120405:104900	31.38	31.39	31.38	31.39	4	31.39
20120404:062100	32.37	32.37	32.36	32.37	4	32.37
20120402:225100	32.97	32.97	32.97	32.97	4	32.97
20120330:144800	32.30	32.31	32.30	32.31	4	32.31
20120329:074800	32.03	32.04	32.03	32.04	4	32.04
20120328:000700	32.58	32.59	32.58	32.59	4	32.59
20120326:143400	32.68	32.68	32.67	32.68	4	32.68
20120323:080600	31.51	31.51	31.47	31.47	4	31.47
20120322:025100	32.13	32.13	32.12	32.12	4	32.12
20120320:205300	32.12	32.12	32.12	32.12	4	32.12
20120319:145500	32.76	32.76	32.76	32.76	4	32.76
20120316:075800	32.68	32.68	32.66	32.67	4	32.67
20120315:040100	32.15	32.15	32.14	32.14	4	32.14
20120314:004800	33.37	33.37	33.37	33.37	4	33.37
20120312:181000	33.47	33.49	33.47	33.49	4	33.49
20120309:134100	33.74	33.75	33.66	33.67	4	33.67
20120308:093200	34.00	34.01	34.00	34.00	4	34.00
20120307:043900	32.88	32.88	32.88	32.88	4	32.88
20120306:001800	34.05	34.06	34.05	34.06	4	34.06
20120302:181900	34.59	34.62	34.58	34.62	4	34.62
20120301:144200	34.83	34.83	34.78	34.78	4	34.78
20120229:123000	37.15	37.15	37.12	37.12	4	37.12
20120228:073200	35.51	35.51	35.49	35.50	4	35.50
20120224:204100	35.38	35.38	35.37	35.37	4	35.37
20120223:162700	35.17	35.22	35.17	35.22	4	35.22
20120222:120800	34.05	34.05	34.04	34.04	4	34.04
20120221:064800	33.82	33.82	33.81	33.82	4	33.82
20120217:180500	33.17	33.17	33.17	33.17	4	33.17
20120216:130800	33.06	33.07	33.06	33.06	4	33.06
20120215:081200	33.74	33.75	33.74	33.75	4	33.75
20120214:013500	33.55	33.55	33.54	33.54	4	33.54
20120210:173400	33.54	33.55	33.54	33.55	4	33.55
20120209:140500	33.98	34.01	33.97	34.01	4	34.01
20120208:095200	34.44	34.44	34.40	34.40	4	34.40
20120207:050300	33.57	33.57	33.56	33.56	4	33.56
20120205:233000	33.65	33.65	33.65	33.65	4	33.65
20120202:170400	34.12	34.12	34.11	34.12	4	34.12
20120201:125900	33.80	33.81	33.79	33.81	4	33.81
20120131:081800	33.83	33.83	33.83	33.83	4	33.83
20120130:033200	33.57	33.58	33.57	33.57	4	33.57
20120126:204500	33.39	33.39	33.39	33.39	4	33.39
20120125:174400	32.51	32.51	32.49	32.50	4	32.50
20120124:121400	31.98	31.99	31.98	31.99	4	31.99
20120123:071000	32.22	32.22	32.22	32.22	4	32.22
20120120:010000	30.59	30.59	30.59	30.59	4	30.59
20120118:174500	30.55	30.57	30.55	30.56	4	30.56
20120117:125300	30.42	30.43	30.42	30.43	4	30.43
20120116:021800	29.70	29.71	29.68	29.68	4	29.68
20120112:194400	30.03	30.03	30.03	30.03	4	30.03
20120111:142900	29.70	29.72	29.70	29.72	4	29.72
20120110:082600	29.16	29.19	29.16	29.18	4	29.18
20120109:023200	28.73	28.74	28.73	28.74	4	28.74
20120105:185300	29.39	29.40	29.39	29.39	4	29.39
20120104:150800	29.43	29.43	29.41	29.41	4	29.41
20120103:113200	28.91	28.93	28.91	28.92	4	28.92
20111230:085700	27.56	27.59	27.56	27.59	4	27.59
20111229:052500	26.85	26.85	26.82	26.82	4	26.82
20111227:215200	28.67	28.67	28.67	28.67	4	28.67
20111223:144100	29.28	29.29	29.24	29.24	4	29.24
20111222:055300	29.08	29.08	29.03	29.03	4	29.03
20111220:213300	29.49	29.49	29.49	29.49	4	29.49
20111219:160600	28.84	28.86	28.84	28.85	4	28.85
20111216:121000	29.71	29.71	29.70	29.70	4	29.70
20111215:091200	28.89	28.89	28.88	28.88	4	28.88
20111214:064600	30.88	30.88	30.88	30.88	4	30.88
20111213:023100	31.06	31.06	31.05	31.06	4	31.06
20111209:200000	32.24	32.24	32.23	32.24	4	32.24
20111208:165700	31.72	31.73	31.71	31.73	4	31.73
20111207:114100	32.51	32.52	32.51	32.52	4	32.52
20111206:070400	31.98	31.98	31.98	31.98	4	31.98
20111205:021900	32.75	32.76	32.75	32.76	4	32.76
20111201:191000	32.78	32.78	32.77	32.77	4	32.77
20111130:143800	32.40	32.44	32.40	32.44	4	32.44
20111129:104700	32.06	32.06	32.05	32.06	4	32.06
20111128:063400	31.66	31.66	31.66	31.66	4	31.66
20111124:223200	31.82	31.82	31.82	31.82	4	31.82
20111123:150100	31.48	31.50	31.45	31.46	4	31.46
20111122:122300	31.76	31.77	31.76	31.77	4	31.77
20111121:095700	31.36	31.36	31.35	31.36	4	31.36
20111118:062500	31.49	31.49	31.48	31.48	4	31.48
20111117:040300	33.82	33.82	33.80	33.82	4	33.82
20111116:015100	34.27	34.28	34.27	34.28	4	34.28
20111114:195100	34.12	34.13	34.12	34.12	4	34.12
20111111:151500	34.41	34.41	34.39	34.39	4	34.39
20111110:123000	33.79	33.79	33.78	33.79	4	33.79
20111109:103500	34.65	34.65	34.63	34.63	4	34.63
20111108:073600	34.68	34.68	34.67	34.68	4	34.68
20111107:022100	34.33	34.34	34.33	34.34	4	34.34
20111103:204600	34.50	34.50	34.50	34.50	4	34.50
20111102:173300	33.97	33.97	33.92	33.94	4	33.94
20111101:152900	33.21	33.21	33.17	33.17	4	33.17
20111031:121700	34.26	34.26	34.24	34.24	4	34.24
20111028:082700	35.23	35.23	35.22	35.23	4	35.23
20111027:052500	33.52	33.52	33.52	33.52	4	33.52
20111026:022600	33.17	33.17	33.16	33.16	4	33.16
20111024:233000	31.56	31.58	31.56	31.58	4	31.58
20111021:181000	31.24	31.24	31.24	31.24	4	31.24
20111020:155300	30.34	30.37	30.34	30.35	4	30.35
20111019:140700	31.61	31.61	31.58	31.61	4	31.61
20111018:122500	30.71	30.72	30.71	30.72	4	30.72
20111017:091700	32.51	32.53	32.51	32.53	4	32.53
20111014:045200	31.68	31.68	31.68	31.68	4	31.68
20111013:005300	32.74	32.74	32.74	32.74	4	32.74
20111011:194400	32.20	32.22	32.20	32.21	4	32.21
20111010:165500	32.04	32.04	32.03	32.04	4	32.04
20111007:140000	32.05	32.05	32.03	32.05	4	32.05
20111006:112200	31.30	31.39	31.30	31.38	4	31.38
20111005:084800	29.10	29.10	29.07	29.08	4	29.08
20111004:071900	31.07	31.07	31.06	31.07	4	31.07
20111003:052900	30.48	30.49	30.44	30.44	4	30.44
20110930:025000	30.87	30.88	30.86	30.88	4	30.88
20110929:010300	29.45	29.54	29.45	29.53	4	29.53
20110927:235200	31.86	31.86	31.86	31.86	4	31.86
20110926:220200	30.60	30.60	30.59	30.60	4	30.60
20110923:192100	30.53	30.59	30.53	30.56	4	30.56
20110922:174300	36.45	36.46	36.44	36.44	4	36.44
20110921:153100	40.23	40.27	40.22	40.27	4	40.27
20110920:115300	39.49	39.49	39.46	39.46	4	39.46
20110919:084500	40.32	40.32	40.32	40.32	4	40.32
20110916:045900	39.40	39.40	39.40	39.40	4	39.40
20110915:012700	40.57	40.58	40.53	40.55	4	40.55
20110913:192500	41.01	41.01	41.01	41.01	4	41.01
20110912:164400	40.35	40.37	40.34	40.37	4	40.37
20110909:131300	41.70	41.74	41.67	41.74	4	41.74
20110908:094300	41.69	41.70	41.69	41.70	4	41.70
20110907:065000	41.54	41.54	41.52	41.52	4	41.52
20110906:034700	43.07	43.07	43.07	43.07	4	43.07
20110902:174200	43.04	43.04	43.02	43.02	4	43.02
20110901:123500	41.68	41.68	41.66	41.66	4	41.66
20110831:072900	41.37	41.37	41.37	41.37	4	41.37
20110830:012300	40.86	40.87	40.86	40.87	4	40.87
20110828:223000	41.66	41.66	41.65	41.65	4	41.65
20110825:182400	40.75	40.75	40.74	40.75	4	40.75
20110824:171900	39.38	39.38	39.32	39.37	4	39.37
20110823:153900	43.09	43.09	43.07	43.07	4	43.07
20110822:140300	43.31	43.33	43.31	43.33	4	43.33
20110819:112300	42.35	42.39	42.35	42.39	4	42.39
20110818:071800	40.12	40.15	40.12	40.15	4	40.15
20110817:021400	39.85	39.85	39.85	39.85	4	39.85
20110815:191300	39.58	39.59	39.58	39.59	4	39.59
20110812:142700	38.70	38.72	38.68	38.68	4	38.68
20110811:114500	39.19	39.19	39.17	39.17	4	39.17
20110810:102000	38.12	38.12	38.12	38.12	4	38.12
20110809:084100	38.32	38.38	38.32	38.37	4	38.37
20110808:072500	39.70	39.70	39.66	39.69	4	39.69
20110805:050600	39.13	39.15	39.13	39.15	4	39.15
20110804:031800	41.85	41.85	41.85	41.85	4	41.85
20110802:233500	40.65	40.65	40.64	40.64	4	40.64
20110801:182700	39.31	39.33	39.31	39.32	4	39.32
20110729:135800	40.19	40.19	40.12	40.14	4	40.14
20110728:095200	40.29	40.32	40.29	40.32	4	40.32
20110727:054300	40.94	40.95	40.94	40.95	4	40.95
20110726:012000	40.26	40.28	40.26	40.28	4	40.28
20110722:194900	40.09	40.09	40.08	40.08	4	40.08
20110721:162700	39.60	39.60	39.57	39.57	4	39.57
20110720:140200	38.53	38.53	38.49	38.52	4	38.52
20110719:114400	40.18	40.20	40.18	40.20	4	40.20
20110718:084000	40.13	40.13	40.10	40.10	4	40.10
20110715:044800	38.45	38.49	38.45	38.49	4	38.49
20110714:012700	38.32	38.32	38.32	38.32	4	38.32
20110712:195600	36.03	36.03	36.03	36.03	4	36.03
20110711:163000	36.02	36.02	35.99	36.00	4	36.00
20110708:101200	36.12	36.12	36.11	36.11	4	36.11
20110707:031400	36.11	36.11	36.11	36.11	4	36.11
20110705:194800	35.52	35.52	35.51	35.52	4	35.52
20110704:082000	34.01	34.01	34.00	34.01	4	34.01
20110630:212500	34.69	34.69	34.69	34.69	4	34.69
20110629:145100	34.18	34.19	34.18	34.19	4	34.19
20110628:090000	33.96	33.97	33.96	33.96	4	33.96
20110627:024700	34.06	34.07	34.06	34.07	4	34.07
20110623:210600	35.25	35.25	35.25	35.25	4	35.25
20110622:170900	36.63	36.64	36.63	36.64	4	36.64
20110621:114500	36.17	36.17	36.17	36.17	4	36.17
20110620:074100	35.61	35.62	35.60	35.60	4	35.60
20110617:020800	35.52	35.54	35.52	35.53	4	35.53
20110615:192200	35.56	35.57	35.56	35.57	4	35.57
20110614:155200	34.85	34.87	34.83	34.87	4	34.87
20110613:130800	35.75	35.77	35.75	35.77	4	35.77
20110610:093400	37.42	37.42	37.41	37.41	4	37.41
20110609:054900	36.65	36.65	36.65	36.65	4	36.65
20110608:004600	36.92	36.92	36.92	36.92	4	36.92
20110606:190500	36.77	36.77	36.73	36.73	4	36.73
20110603:145600	35.86	35.88	35.86	35.87	4	35.87
20110602:115900	36.89	36.89	36.84	36.84	4	36.84
20110601:100200	38.10	38.10	38.10	38.10	4	38.10
20110531:065100	38.22	38.22	38.21	38.21	4	38.21
20110527:193500	37.92	37.93	37.92	37.92	4	37.92
20110526:174000	37.29	37.29	37.28	37.29	4	37.29
20110525:152500	37.68	37.68	37.60	37.60	4	37.60
20110524:131100	35.95	35.97	35.93	35.93	4	35.93
20110523:104700	34.71	34.73	34.71	34.73	4	34.73
20110520:080500	35.51	35.52	35.48	35.49	4	35.49
20110519:053000	35.35	35.35	35.34	35.35	4	35.35
20110518:030500	34.20	34.21	34.20	34.21	4	34.21
20110517:013000	33.93	33.94	33.93	33.94	4	33.94
20110516:002200	35.23	35.24	35.15	35.15	4	35.15
20110512:220300	34.63	34.64	34.63	34.64	4	34.64
20110511:202300	35.28	35.29	35.28	35.29	4	35.29
20110510:184500	38.69	38.70	38.69	38.70	4	38.70
20110509:171500	37.41	37.41	37.35	37.35	4	37.35
20110506:143600	35.95	35.99	35.93	35.96	4	35.96
20110505:134400	37.40	37.58	37.40	37.55	4	37.55
20110504:113900	40.85	40.85	40.85	40.85	4	40.85
20110503:101200	44.40	44.44	44.40	44.44	4	44.44
20110502:092200	45.23	45.32	45.22	45.32	4	45.32
20110429:065500	48.32	48.32	48.31	48.31	4	48.31
20110428:053000	47.83	47.88	47.83	47.86	4	47.86
20110427:041300	45.98	45.98	45.96	45.96	4	45.96
20110426:030500	45.27	45.33	45.27	45.33	4	45.33
20110425:014400	47.79	47.79	47.77	47.77	4	47.77
20110421:035300	45.59	45.60	45.58	45.60	4	45.60
20110420:010400	43.95	43.96	43.95	43.96	4	43.96
20110418:221000	43.19	43.22	43.19	43.22	4	43.22
20110415:170000	42.63	42.63	42.61	42.62	4	42.62
20110414:140900	41.26	41.29	41.24	41.26	4	41.26
20110413:110800	40.25	40.25	40.25	40.25	4	40.25
20110412:073900	40.21	40.24	40.21	40.24	4	40.24
20110411:044600	41.68	41.69	41.68	41.68	4	41.68
20110407:221200	39.61	39.62	39.61	39.62	4	39.62
20110406:153300	39.53	39.53	39.51	39.51	4	39.51
20110405:104600	38.34	38.34	38.33	38.34	4	38.34
20110404:032700	38.05	38.05	38.05	38.05	4	38.05
20110331:182900	37.68	37.71	37.68	37.71	4	37.71
20110330:133400	37.54	37.56	37.54	37.56	4	37.56
20110329:084600	36.77	36.77	36.76	36.76	4	36.76
20110328:035600	37.15	37.16	37.15	37.15	4	37.15
20110324:211500	37.13	37.14	37.13	37.14	4	37.14
20110323:162800	36.90	36.90	36.89	36.89	4	36.89
20110322:104000	36.07	36.08	36.07	36.08	4	36.08
20110321:032000	35.80	35.81	35.80	35.81	4	35.81
20110317:200800	34.33	34.34	34.33	34.33	4	34.33
20110316:173800	34.34	34.34	34.31	34.33	4	34.33
20110315:153600	34.40	34.41	34.39	34.40	4	34.40
20110314:120700	36.12	36.14	36.12	36.12	4	36.12
20110311:083000	35.23	35.24	35.23	35.23	4	35.23
20110310:044800	36.04	36.04	36.03	36.04	4	36.04
20110308:213900	35.98	35.98	35.98	35.98	4	35.98
20110307:181300	35.95	35.99	35.95	35.98	4	35.98
20110304:142400	34.61	34.64	34.61	34.64	4	34.64
20110303:084500	34.57	34.58	34.57	34.58	4	34.58
20110302:033600	34.48	34.48	34.48	34.48	4	34.48
20110228:205700	33.83	33.84	33.83	33.83	4	33.83
20110225:151600	32.78	32.78	32.74	32.75	4	32.75
20110224:121700	33.32	33.32	33.32	33.32	4	33.32
20110223:070700	32.89	32.91	32.89	32.91	4	32.91
20110222:021300	33.89	33.91	33.88	33.91	4	33.91
20110218:151900	31.99	32.01	31.99	32.01	4	32.01
20110217:061600	30.68	30.69	30.68	30.69	4	30.69
20110215:172300	30.63	30.63	30.61	30.61	4	30.61
20110214:082700	30.01	30.02	30.01	30.01	4	30.01
20110210:203600	30.06	30.07	30.06	30.07	4	30.07
20110209:144200	30.38	30.38	30.35	30.35	4	30.35
20110208:073400	29.52	29.54	29.52	29.54	4	29.54
20110204:175700	28.93	28.93	28.90	28.92	4	28.92
20110203:111500	28.33	28.33	28.33	28.33	4	28.33
20110202:013400	28.53	28.53	28.53	28.53	4	28.53
20110131:184100	27.93	27.96	27.93	27.95	4	27.95
20110128:134200	26.81	26.82	26.81	26.82	4	26.82
20110127:082700	27.38	27.38	27.38	27.38	4	27.38
20110125:220700	26.84	26.84	26.84	26.84	4	26.84
20110124:162400	27.40	27.41	27.40	27.41	4	27.41
20110121:103800	27.22	27.22	27.21	27.21	4	27.21
20110120:062800	28.73	28.74	28.72	28.74	4	28.74
20110119:003800	28.95	28.95	28.95	28.95	4	28.95
20110117:125500	28.18	28.18	28.18	28.18	4	28.18
20110114:041300	28.84	28.84	28.84	28.84	4	28.84
20110112:182600	29.50	29.51	29.50	29.51	4	29.51
20110111:114000	29.32	29.33	29.32	29.33	4	29.33
20110110:030600	28.94	28.95	28.94	28.95	4	28.95
20110106:190300	29.17	29.18	29.17	29.18	4	29.18
20110105:131600	29.22	29.23	29.13	29.14	4	29.14
20110104:073100	30.72	30.72	30.72	30.72	4	30.72
20110102:230900	30.85	30.86	30.84	30.84	4	30.84
20101230:105900	30.80	30.81	30.80	30.80	4	30.80
20101228:195800	30.23	30.23	30.23	30.23	4	30.23
20101227:052300	29.21	29.21	29.21	29.21	4	29.21
20101223:012300	29.24	29.26	29.24	29.26	4	29.26
20101221:144400	29.07	29.08	29.06	29.06	4	29.06
20101220:062600	29.29	29.30	29.29	29.30	4	29.30
20101217:000000	28.87	28.87	28.86	28.86	4	28.86
20101215:190400	29.29	29.29	29.27	29.27	4	29.27
20101214:145000	29.27	29.29	29.26	29.29	4	29.29
20101213:091400	29.22	29.22	29.22	29.22	4	29.22
20101210:021900	28.86	28.86	28.86	28.86	4	28.86
20101208:211100	28.34	28.35	28.34	28.35	4	28.35
20101207:183800	29.72	29.72	29.69	29.69	4	29.69
20101206:145700	29.78	29.78	29.76	29.77	4	29.77
20101203:095200	28.74	28.74	28.73	28.73	4	28.73
20101202:054100	28.50	28.51	28.50	28.50	4	28.50
20101201:011300	28.03	28.03	28.03	28.03	4	28.03
20101129:181900	27.10	27.10	27.10	27.10	4	27.10
20101126:114400	26.69	26.69	26.68	26.69	4	26.69
20101124:203600	27.54	27.54	27.54	27.54	4	27.54
20101123:152100	27.60	27.61	27.58	27.58	4	27.58
20101122:115000	27.46	27.46	27.46	27.46	4	27.46
20101119:070500	27.10	27.10	27.09	27.09	4	27.09
20101118:033400	26.21	26.22	26.21	26.22	4	26.22
20101117:001100	25.32	25.32	25.32	25.32	4	25.32
20101115:202200	25.67	25.67	25.64	25.65	4	25.65
20101112:165800	26.16	26.20	26.14	26.20	4	26.20
20101111:145700	27.05	27.08	27.05	27.07	4	27.07
20101110:124600	27.67	27.69	27.67	27.69	4	27.69
20101109:105800	28.38	28.38	28.37	28.37	4	28.37
20101108:061500	26.81	26.82	26.81	26.82	4	26.82
20101104:235500	26.17	26.17	26.17	26.17	4	26.17
20101103:170800	24.50	24.51	24.48	24.48	4	24.48
20101102:072400	24.70	24.71	24.69	24.71	4	24.71
20101029:194800	24.68	24.68	24.68	24.68	4	24.68
20101028:102400	23.58	23.58	23.58	23.58	4	23.58
20101027:020500	23.99	24.00	23.99	24.00	4	24.00
20101025:153100	23.58	23.59	23.58	23.58	4	23.58
20101022:063300	23.26	23.26	23.25	23.25	4	23.25
20101020:205300	23.89	23.89	23.89	23.89	4	23.89
20101019:150400	23.71	23.73	23.70	23.73	4	23.73
20101018:075300	23.88	23.88	23.87	23.88	4	23.88
20101014:223000	24.69	24.69	24.69	24.69	4	24.69
20101013:135600	23.50	23.51	23.50	23.51	4	23.51
20101012:014100	23.12	23.12	23.11	23.12	4	23.12
20101008:125000	22.68	22.68	22.65	22.65	4	22.65
20101007:032600	23.31	23.31	23.31	23.31	4	23.31
20101005:081200	22.16	22.16	22.15	22.15	4	22.15
20101001:100400	21.98	21.98	21.98	21.98	4	21.98
20100929:131900	21.77	21.78	21.76	21.77	4	21.77
20100927:171900	21.43	21.44	21.43	21.44	4	21.44
20100923:143900	21.09	21.09	21.08	21.08	4	21.08
20100921:181000	20.56	20.56	20.56	20.56	4	20.56
20100917:151300	20.76	20.77	20.76	20.77	4	20.77
20100915:170700	20.49	20.49	20.49	20.49	4	20.49
20100913:184200	20.07	20.07	20.07	20.07	4	20.07
20100909:154100	19.79	19.79	19.78	19.78	4	19.78
20100907:142300	19.93	19.93	19.92	19.93	4	19.93
20100903:055700	19.57	19.57	19.57	19.57	4	19.57
20100901:010400	19.28	19.28	19.28	19.28	4	19.28
20100827:170400	19.01	19.02	19.01	19.02	4	19.02
20100825:151300	18.74	18.74	18.74	18.74	4	18.74
20100823:142100	17.99	17.99	17.99	17.99	4	17.99
20100819:113400	18.45	18.45	18.45	18.45	4	18.45
20100817:055400	18.39	18.39	18.39	18.39	4	18.39
20100812:175700	18.02	18.02	18.02	18.02	4	18.02
20100810:191800	18.31	18.31	18.31	18.31	4	18.31
20100806:145800	18.43	18.43	18.43	18.43	4	18.43
20100804:121900	18.53	18.53	18.52	18.52	4	18.52
20100802:104200	18.10	18.11	18.10	18.11	4	18.11
20100729:075100	17.54	17.54	17.54	17.54	4	17.54
20100727:065000	18.15	18.15	18.15	18.15	4	18.15
20100723:042800	18.14	18.14	18.14	18.14	4	18.14
20100721:035000	17.69	17.69	17.69	17.69	4	17.69
20100719:020500	17.83	17.83	17.83	17.83	4	17.83
20100715:035700	18.32	18.32	18.32	18.32	4	18.32
20100713:021700	17.90	17.90	17.90	17.90	4	17.90
20100708:223900	17.88	17.88	17.88	17.88	4	17.88
20100707:043800	17.74	17.74	17.74	17.74	4	17.74
20100705:034300	17.88	17.88	17.88	17.88	4	17.88
20100701:111100	18.59	18.59	18.59	18.59	4	18.59
20100629:094100	18.5100	18.5100	18.5100	18.5100	4	18.5100
20100625:092000	18.6200	18.6200	18.6200	18.6200	4	18.6200
20100623:123500	18.8300	18.8300	18.8300	18.8300	4	18.8300
20100621:174100	18.7700	18.7700	18.7600	18.7600	4	18.7600
20100617:215900	18.7000	18.7000	18.7000	18.7000	4	18.7000
20100616:034800	18.5700	18.5700	18.5700	18.5700	4	18.5700
20100614:052400	18.3500	18.3500	18.3500	18.3500	4	18.3500
20100610:075000	18.0500	18.0500	18.0500	18.0500	4	18.0500
20100608:122100	18.2800	18.2900	18.2700	18.2700	4	18.2700
20100604:183400	17.4100	17.4100	17.4100	17.4100	4	17.4100
20100603:065100	18.4100	18.4100	18.4100	18.4100	4	18.4100
20100601:081000	18.3600	18.3600	18.3500	18.3500	4	18.3500
20100528:044700	18.4300	18.4300	18.4200	18.4200	4	18.4200
20100526:114700	18.2400	18.2400	18.2400	18.2400	4	18.2400
20100524:214300	17.8500	17.8500	17.8500	17.8500	4	17.8500
20100521:075100	17.6100	17.6100	17.6100	17.6100	4	17.6100
20100519:172700	18.1100	18.1200	18.1100	18.1200	4	18.1200
20100518:083300	18.7500	18.7500	18.7500	18.7500	4	18.7500
20100514:155400	19.1100	19.1900	19.1100	19.1900	4	19.1900
20100512:230200	19.4700	19.4800	19.4700	19.4800	4	19.4800
20100511:112600	18.4400	18.4600	18.4400	18.4600	4	18.4600
20100507:181800	18.3100	18.3200	18.3100	18.3200	4	18.3200
20100506:121300	17.5600	17.5700	17.5600	17.5700	4	17.5700
20100504:204400	17.8300	17.8400	17.8300	17.8400	4	17.8400
20100502:223200	18.6000	18.6100	18.6000	18.6100	4	18.6100
20100428:211500	18.0700	18.0700	18.0700	18.0700	4	18.0700
20100427:035800	18.2700	18.2700	18.2600	18.2600	4	18.2600
20100422:232900	17.9300	17.9300	17.9300	17.9300	4	17.9300
20100420:214000	17.8200	17.8200	17.8200	17.8200	4	17.8200
20100416:195200	17.7100	17.7100	17.7100	17.7100	4	17.7100
20100415:030400	18.4100	18.4100	18.4000	18.4000	4	18.4000
20100413:100100	18.0800	18.0900	18.0800	18.0900	4	18.0900
20100409:165600	18.3700	18.3700	18.3700	18.3700	4	18.3700
20100407:144700	18.1000	18.1000	18.1000	18.1000	4	18.1000
20100405:124500	17.8400	17.8400	17.8400	17.8400	4	17.8400
20100331:234900	17.4700	17.4700	17.4700	17.4700	4	17.4700
20100329:233500	17.3200	17.3200	17.3200	17.3200	4	17.3200
20100325:234500	16.5700	16.5700	16.5700	16.5700	4	16.5700
20100324:012900	16.8900	16.8900	16.8900	16.8900	4	16.8900
20100322:002300	16.9100	16.9100	16.9100	16.9100	4	16.9100
20100317:233600	17.4600	17.4600	17.4600	17.4600	4	17.4600
20100316:001400	17.1700	17.1700	17.1700	17.1700	4	17.1700
20100312:021200	17.1100	17.1200	17.1100	17.1200	4	17.1200
20100310:115000	17.4200	17.4200	17.4200	17.4200	4	17.4200
20100308:144500	17.4500	17.4500	17.4400	17.4400	4	17.4400
20100304:153400	17.0900	17.0900	17.0800	17.0900	4	17.0900
20100302:200900	16.9000	16.9000	16.8900	16.8900	4	16.8900
20100301:063300	16.5800	16.5800	16.5800	16.5800	4	16.5800
20100225:143800	15.6900	15.7000	15.6900	15.6900	4	15.6900
20100223:220000	15.8200	15.8200	15.8100	15.8100	4	15.8100
20100222:054700	16.5000	16.5000	16.4900	16.4900	4	16.4900
20100218:142900	16.1900	16.1900	16.1700	16.1700	4	16.1700
20100216:230100	16.1300	16.1300	16.1100	16.1200	4	16.1200
20100214:230300	15.5700	15.5700	15.5600	15.5600	4	15.5600
20100211:124500	15.3500	15.3500	15.3400	15.3500	4	15.3500
20100209:225300	15.4300	15.4300	15.4300	15.4300	4	15.4300
20100208:101100	15.1800	15.1900	15.1800	15.1800	4	15.1800
20100204:231500	15.2800	15.2800	15.2700	15.2700	4	15.2700
20100203:120000	16.7500	16.7500	16.7500	16.7500	4	16.7500
20100201:191400	16.5800	16.5800	16.5800	16.5800	4	16.5800
20100129:055400	16.1400	16.1400	16.1300	16.1400	4	16.1400
20100127:195400	16.5200	16.5300	16.5200	16.5300	4	16.5300
20100126:093800	16.8500	16.8500	16.8500	16.8500	4	16.8500
20100122:172800	17.0600	17.0800	17.0600	17.0800	4	17.0800
20100121:085600	17.8300	17.8300	17.8300	17.8300	4	17.8300
20100119:202900	18.7200	18.7300	18.7200	18.7300	4	18.7300
20100115:201700	18.4200	18.4200	18.4200	18.4200	4	18.4200
20100114:085300	18.5300	18.5300	18.5300	18.5300	4	18.5300
20100112:181300	18.2500	18.2500	18.2500	18.2500	4	18.2500
20100111:055400	18.7700	18.7700	18.7700	18.7700	4	18.7700
20100107:151800	18.1300	18.1400	18.1300	18.1300	4	18.1300
20100106:031400	17.8700	17.8700	17.8700	17.8700	4	17.8700
20100104:144100	17.3500	17.3500	17.3500	17.3500	4	17.3500
20091230:194900	16.7900	16.7900	16.7800	16.7800	4	16.7800
20091229:042700	17.3400	17.3400	17.3400	17.3400	4	17.3400
20091224:023200	17.2300	17.2300	17.2300	17.2300	4	17.2300
20091222:102400	17.0800	17.0800	17.0800	17.0800	4	17.0800
20091218:190600	17.2500	17.2600	17.2500	17.2600	4	17.2600
20091217:105400	17.3900	17.3900	17.3800	17.3800	4	17.3800
20091215:200900	17.4000	17.4100	17.4000	17.4100	4	17.4100
20091214:044900	17.2800	17.2800	17.2700	17.2700	4	17.2700
20091210:164400	17.2200	17.2300	17.2200	17.2300	4	17.2300
20091209:091200	17.6400	17.6400	17.6400	17.6400	4	17.6400
20091207:235200	18.2300	18.2300	18.2300	18.2300	4	18.2300
20091204:152300	18.6200	18.6300	18.6100	18.6100	4	18.6100
20091203:064100	19.2500	19.2500	19.2400	19.2500	4	19.2500
20091201:191300	19.0600	19.0600	19.0600	19.0600	4	19.0600
20091130:091500	18.1700	18.1700	18.1600	18.1600	4	18.1600
20091126:212800	18.6400	18.6400	18.6400	18.6400	4	18.6400
20091125:013900	18.5300	18.5300	18.5300	18.5300	4	18.5300
20091123:122900	18.7300	18.7300	18.7300	18.7300	4	18.7300
20091119:172200	18.3600	18.3900	18.3600	18.3900	4	18.3900
20091118:024900	18.4100	18.4100	18.4000	18.4100	4	18.4100
20091116:132600	17.7400	17.7600	17.7400	17.7600	4	17.7600
20091112:171500	17.2900	17.2900	17.2900	17.2900	4	17.2900
20091111:033500	17.3200	17.3200	17.3200	17.3200	4	17.3200
20091109:114600	17.6900	17.6900	17.6900	17.6900	4	17.6900
20091105:133600	17.4700	17.4700	17.4700	17.4700	4	17.4700
20091104:005600	17.1100	17.1100	17.1100	17.1100	4	17.1100
20091102:132600	16.4700	16.4700	16.4500	16.4500	4	16.4500
20091029:152200	16.5600	16.5600	16.5500	16.5600	4	16.5600
20091028:020800	16.7000	16.7000	16.7000	16.7000	4	16.7000
20091026:130100	17.6300	17.6300	17.6300	17.6300	4	17.6300
20091022:201800	17.5900	17.6300	17.5900	17.6100	4	17.6100
20091021:112400	17.3700	17.3700	17.3700	17.3700	4	17.3700
20091019:170400	17.5500	17.5500	17.5500	17.5500	4	17.5500
20091016:051000	17.2500	17.2800	17.2500	17.2700	4	17.2700
20091014:145300	17.8200	17.8200	17.8200	17.8200	4	17.8200
20091013:042900	17.7700	17.7700	17.7700	17.7700	4	17.7700
20091009:095400	17.5700	17.5800	17.5700	17.5800	4	17.5800
20091007:181800	17.4000	17.4200	17.4000	17.4200	4	17.4200
20091006:062300	16.8600	16.8600	16.8500	16.8500	4	16.8500
20091002:122600	16.1900	16.1900	16.0900	16.0900	4	16.0900
20090930:181100	16.6200	16.6200	16.6200	16.6200	4	16.6200
20090929:045300	16.2400	16.2500	16.2400	16.2400	4	16.2400
20090925:141500	16.1200	16.1200	16.1100	16.1200	4	16.1200
20090924:065400	16.8700	16.8700	16.8700	16.8700	4	16.8700
20090922:173400	17.0700	17.0700	17.0700	17.0700	4	17.0700
20090921:053500	16.5700	16.5800	16.5700	16.5700	4	16.5700
20090917:162900	17.3200	17.3300	17.3200	17.3300	4	17.3300
20090916:081900	17.1800	17.2000	17.1800	17.2000	4	17.2000
20090914:221200	16.5400	16.5400	16.5400	16.5400	4	16.5400
20090911:103900	16.8100	16.8100	16.8100	16.8100	4	16.8100
20090910:014100	16.3400	16.3400	16.3400	16.3400	4	16.3400
20090908:160100	16.5200	16.5200	16.4900	16.4900	4	16.4900
20090907:005400	16.1600	16.1600	16.1600	16.1600	4	16.1600
20090903:122100	15.7100	15.7300	15.6900	15.6900	4	15.6900
20090901:172200	14.9000	14.9100	14.9000	14.9100	4	14.9100
20090828:194800	14.7300	14.7300	14.7200	14.7200	4	14.7200
20090826:180700	14.2800	14.2800	14.2700	14.2700	4	14.2700
20090824:193400	14.1500	14.1500	14.1500	14.1500	4	14.1500
20090820:165500	13.9000	13.9000	13.9000	13.9000	4	13.9000
20090818:215900	13.9600	13.9600	13.9600	13.9600	4	13.9600
20090817:013500	14.4500	14.4500	14.4400	14.4400	4	14.4400
20090813:054600	14.5700	14.5700	14.5700	14.5700	4	14.5700
20090811:040900	14.3700	14.3700	14.3700	14.3700	4	14.3700
20090807:063300	14.5600	14.5600	14.5600	14.5600	4	14.5600
20090805:091200	14.6400	14.6500	14.6400	14.6500	4	14.6500
20090803:112500	14.2600	14.2600	14.2600	14.2600	4	14.2600
20090730:094700	13.3400	13.3400	13.3300	13.3300	4	13.3300
20090728:094600	14.0100	14.0100	14.0000	14.0000	4	14.0000
20090724:060500	13.6800	13.6800	13.6800	13.6800	4	13.6800
20090722:065100	13.5600	13.5600	13.5500	13.5500	4	13.5500
20090720:022100	13.5100	13.5100	13.5100	13.5100	4	13.5100
20090715:180000	13.2300	13.2300	13.2300	13.2300	4	13.2300
20090713:181200	12.7700	12.7700	12.7600	12.7600	4	12.7600
20090709:171800	12.9100	12.9100	12.9100	12.9100	4	12.9100
20090707:200200	13.0800	13.0800	13.0800	13.0800	4	13.0800
20090706:015900	13.3500	13.3500	13.3500	13.3500	4	13.3500
20090701:154600	13.6900	13.7000	13.6900	13.7000	4	13.7000
20090629:153900	13.8700	13.8700	13.8600	13.8600	4	13.8600
20090625:145200	13.9300	13.9500	13.9300	13.9500	4	13.9500
20090623:170300	13.8500	13.8600	13.8500	13.8600	4	13.8600
20090621:223600	14.1200	14.1200	14.1200	14.1200	4	14.1200
20090617:222500	14.3600	14.3600	14.3600	14.3600	4	14.3600
20090616:065300	14.2800	14.2800	14.2800	14.2800	4	14.2800
20090612:105500	15.1500	15.1500	15.1500	15.1500	4	15.1500
20090610:162800	15.2100	15.2100	15.2100	15.2100	4	15.2100
20090609:025900	14.8800	14.8800	14.8800	14.8800	4	14.8800
20090605:122600	15.6400	15.6400	15.6000	15.6100	4	15.6100
20090603:194100	15.3100	15.3200	15.3100	15.3200	4	15.3200
20090602:073400	15.4600	15.4600	15.4600	15.4600	4	15.4600
20090529:131400	15.5100	15.5100	15.5100	15.5100	4	15.5100
20090527:172200	14.8000	14.8100	14.8000	14.8100	4	14.8100
20090526:001700	14.6600	14.6600	14.6600	14.6600	4	14.6600
20090521:163100	14.3100	14.3100	14.3100	14.3100	4	14.3100
20090519:183400	14.2500	14.2600	14.2500	14.2600	4	14.2600
20090517:234400	13.9400	13.9500	13.9400	13.9500	4	13.9500
20090513:204900	13.9500	13.9500	13.9500	13.9500	4	13.9500
20090512:025200	13.8900	13.8900	13.8900	13.8900	4	13.8900
20090507:231200	13.8000	13.8000	13.8000	13.8000	4	13.8000
20090506:072200	13.3800	13.3800	13.3700	13.3700	4	13.3700
20090504:100500	12.5800	12.5800	12.5800	12.5800	4	12.5800
20090430:072400	12.7700	12.7700	12.7700	12.7700	4	12.7700
20090428:040400	12.7100	12.7100	12.7100	12.7100	4	12.7100
20090424:103800	12.7600	12.7700	12.7600	12.7700	4	12.7700
20090422:134800	12.1600	12.1600	12.1600	12.1600	4	12.1600
20090420:122500	12.1000	12.1000	12.0700	12.0700	4	12.0700
20090416:141800	12.3500	12.3500	12.3500	12.3500	4	12.3500
20090414:124200	12.6200	12.6200	12.6200	12.6200	4	12.6200
20090409:162400	12.2600	12.2600	12.2600	12.2600	4	12.2600
20090407:155500	12.2700	12.2700	12.2700	12.2700	4	12.2700
20090403:182000	12.7500	12.7500	12.7500	12.7500	4	12.7500
20090402:011700	13.0100	13.0100	13.0000	13.0100	4	13.0100
20090331:023800	13.0300	13.0300	13.0300	13.0300	4	13.0300
20090327:042100	13.5100	13.5100	13.5100	13.5100	4	13.5100
20090325:043200	13.3600	13.3600	13.3600	13.3600	4	13.3600
20090323:080700	13.8600	13.8600	13.8500	13.8500	4	13.8500
20090319:114900	12.9500	12.9500	12.9400	12.9400	4	12.9400
20090317:171800	12.6800	12.6800	12.6700	12.6700	4	12.6700
20090313:170100	13.1700	13.1700	13.1600	13.1700	4	13.1700
20090311:220400	12.7800	12.7800	12.7800	12.7800	4	12.7800
20090310:051600	12.8300	12.8300	12.8300	12.8300	4	12.8300
20090306:094200	13.4300	13.4300	13.4300	13.4300	4	13.4300
20090304:161700	12.9600	12.9700	12.9600	12.9700	4	12.9700
20090303:033700	12.9000	12.9100	12.9000	12.9100	4	12.9100
20090227:122300	13.1500	13.1500	13.1500	13.1500	4	13.1500
20090225:202200	13.6500	13.6700	13.6500	13.6600	4	13.6600
20090224:085700	14.4300	14.4300	14.4300	14.4300	4	14.4300
20090220:132200	14.4900	14.5000	14.4900	14.5000	4	14.5000
20090218:182200	14.2900	14.3000	14.2800	14.2800	4	14.2800
20090217:082200	13.8700	13.8700	13.8700	13.8700	4	13.8700
20090213:112200	13.3400	13.3700	13.3400	13.3600	4	13.3600
20090211:173900	13.5600	13.5600	13.5600	13.5600	4	13.5600
20090210:050500	12.8700	12.8700	12.8700	12.8700	4	12.8700
20090206:124000	12.9700	12.9700	12.9700	12.9700	4	12.9700
20090204:183200	12.4400	12.4500	12.4400	12.4500	4	12.4500
20090203:024300	12.3200	12.3200	12.3200	12.3200	4	12.3200
20090130:104900	12.4900	12.5000	12.4800	12.4800	4	12.4800
20090128:190900	12.0200	12.0200	12.0100	12.0100	4	12.0100
20090127:094700	11.9400	11.9400	11.9300	11.9300	4	11.9300
20090123:170300	11.8100	11.8200	11.8000	11.8200	4	11.8200
20090122:050400	11.2900	11.2900	11.2900	11.2900	4	11.2900
20090120:160900	11.3400	11.3400	11.3200	11.3300	4	11.3300
20090116:175700	11.2500	11.2500	11.2500	11.2500	4	11.2500
20090115:053600	10.4700	10.4700	10.4700	10.4700	4	10.4700
20090113:124000	10.5200	10.5300	10.5200	10.5300	4	10.5300
20090112:004500	11.1400	11.1400	11.1400	11.1400	4	11.1400
20090108:081100	10.9600	10.9700	10.9600	10.9700	4	10.9700
20090106:173500	11.1600	11.1600	11.1500	11.1600	4	11.1600
20090105:080100	11.4000	11.4000	11.4000	11.4000	4	11.4000
20081231:132100	10.7500	10.7600	10.7500	10.7600	4	10.7600
20081229:160000	10.9700	10.9700	10.9700	10.9700	4	10.9700
20081224:153600	10.3900	10.3900	10.3200	10.3400	4	10.3400
20081222:171800	10.8200	10.8200	10.8200	10.8200	4	10.8200
20081218:222000	10.9400	10.9400	10.9400	10.9400	4	10.9400
20081217:093500	11.0000	11.0100	11.0000	11.0100	4	11.0100
20081215:180100	10.5300	10.5400	10.5300	10.5400	4	10.5400
20081212:023800	10.2700	10.2700	10.2700	10.2700	4	10.2700
20081210:135300	10.1200	10.1300	10.1100	10.1100	4	10.1100
20081208:202400	10.0300	10.0300	10.0300	10.0300	4	10.0300
20081205:100700	9.4800	9.4800	9.4800	9.4800	4	9.4800
20081203:163700	9.6100	9.6300	9.6100	9.6300	4	9.6300
20081202:075300	9.2500	9.2500	9.2500	9.2500	4	9.2500
20081128:125600	10.1200	10.1200	10.1100	10.1100	4	10.1100
20081126:093200	10.3500	10.3500	10.3400	10.3400	4	10.3400
20081124:180000	10.3800	10.3800	10.3700	10.3800	4	10.3800
20081121:085900	9.2200	9.2200	9.2200	9.2200	4	9.2200
20081119:164600	9.4700	9.4800	9.4700	9.4800	4	9.4800
20081118:041500	9.3700	9.3700	9.3600	9.3600	4	9.3600
20081114:133900	9.6500	9.6600	9.6400	9.6600	4	9.6600
20081112:224000	9.2900	9.2900	9.2900	9.2900	4	9.2900
20081111:114800	10.0000	10.0100	10.0000	10.0100	4	10.0100
20081107:175700	10.0100	10.0200	10.0100	10.0200	4	10.0200
20081106:102000	10.3600	10.3600	10.3600	10.3600	4	10.3600
20081104:234700	10.2300	10.2300	10.2300	10.2300	4	10.2300
20081103:150600	9.8000	9.8000	9.7800	9.7900	4	9.7900
20081031:051800	9.5700	9.5700	9.5700	9.5700	4	9.5700
20081029:171300	9.8300	9.8400	9.8300	9.8400	4	9.8400
20081028:104300	8.9000	8.9100	8.9000	8.9100	4	8.9100
20081027:015400	9.4100	9.4100	9.4000	9.4000	4	9.4000
20081023:144600	9.7500	9.7500	9.7100	9.7100	4	9.7100
20081022:065800	9.9400	9.9400	9.9400	9.9400	4	9.9400
20081020:163300	9.7000	9.7200	9.7000	9.7200	4	9.7200
20081017:075000	9.8200	9.8300	9.8200	9.8300	4	9.8300
20081015:194900	10.3700	10.3700	10.3700	10.3700	4	10.3700
20081014:093000	10.8800	10.8900	10.8800	10.8800	4	10.8800
20081012:234100	10.1800	10.2000	10.1800	10.2000	4	10.2000
20081009:162700	11.9500	11.9600	11.9500	11.9600	4	11.9600
20081008:080600	11.7700	11.7900	11.7700	11.7900	4	11.7900
20081006:203800	10.9900	10.9900	10.9900	10.9900	4	10.9900
20081003:125500	11.2500	11.2600	11.2400	11.2500	4	11.2500
20081002:052400	12.3800	12.3800	12.3800	12.3800	4	12.3800
20080930:180300	11.9800	11.9800	11.9600	11.9700	4	11.9700
20080929:092100	12.9700	12.9800	12.9700	12.9700	4	12.9700
20080925:185200	13.1500	13.1600	13.1500	13.1500	4	13.1500
20080924:114400	13.4300	13.4700	13.4300	13.4700	4	13.4700
20080923:023200	13.5200	13.5200	13.5200	13.5200	4	13.5200
20080919:163300	12.3400	12.3400	12.3400	12.3400	4	12.3400
20080918:125700	12.6700	12.6900	12.6700	12.6900	4	12.6900
20080917:093500	10.6900	10.6900	10.6900	10.6900	4	10.6900
20080916:015600	10.8000	10.8200	10.8000	10.8200	4	10.8200
20080912:160400	10.6800	10.6900	10.6800	10.6800	4	10.6800
20080911:085300	10.6200	10.6600	10.6200	10.6600	4	10.6600
20080909:233100	11.2300	11.2300	11.2200	11.2200	4	11.2200
20080908:135200	12.4000	12.4000	12.4000	12.4000	4	12.4000
20080905:053700	12.7700	12.7700	12.7600	12.7600	4	12.7600
20080903:155900	12.9200	12.9200	12.9000	12.9100	4	12.9100
20080902:064700	13.1800	13.1900	13.1800	13.1900	4	13.1900
20080829:075600	13.7300	13.7400	13.7300	13.7400	4	13.7400
20080827:152500	13.5300	13.5300	13.5200	13.5200	4	13.5200
20080826:042000	13.4100	13.4100	13.4100	13.4100	4	13.4100
20080822:110200	13.5900	13.5900	13.5900	13.5900	4	13.5900
20080820:170700	12.9400	12.9500	12.9400	12.9500	4	12.9500
20080819:051900	12.6500	12.6500	12.6400	12.6400	4	12.6400
20080815:153800	12.9800	13.0400	12.9800	13.0400	4	13.0400
20080814:104100	14.8400	14.8400	14.8400	14.8400	4	14.8400
20080812:205700	14.4900	14.4900	14.4900	14.4900	4	14.4900
20080811:131800	15.2800	15.2900	15.2800	15.2900	4	15.2900
20080808:002300	16.1200	16.1300	16.1200	16.1200	4	16.1200
20080806:090000	16.6500	16.6500	16.6500	16.6500	4	16.6500
20080804:173800	17.1200	17.1200	17.1200	17.1200	4	17.1200
20080801:023900	17.6000	17.6000	17.6000	17.6000	4	17.6000
20080730:114200	17.1300	17.1400	17.1300	17.1400	4	17.1400
20080728:135100	17.3300	17.3300	17.3100	17.3100	4	17.3100
20080724:174700	17.2000	17.2000	17.2000	17.2000	4	17.2000
20080723:085200	17.6300	17.6300	17.6300	17.6300	4	17.6300
20080721:150800	18.3300	18.3300	18.3300	18.3300	4	18.3300
20080717:231500	18.5500	18.5500	18.5500	18.5500	4	18.5500
20080716:114400	18.7700	18.7700	18.7600	18.7700	4	18.7700
20080714:194300	19.1000	19.1000	19.1000	19.1000	4	19.1000
20080711:072800	18.3000	18.3000	18.3000	18.3000	4	18.3000
20080709:071500	17.7900	17.7900	17.7900	17.7900	4	17.7900
20080707:080700	17.8200	17.8200	17.8200	17.8200	4	17.8200
20080702:195800	18.3200	18.3200	18.3200	18.3200	4	18.3200
20080630:201900	17.3700	17.3700	17.3700	17.3700	4	17.3700
20080626:173100	17.1500	17.1500	17.1300	17.1300	4	17.1300
20080624:152900	16.8600	16.8600	16.8500	16.8500	4	16.8500
20080620:114100	17.5100	17.5100	17.5100	17.5100	4	17.5100
20080618:040800	17.1000	17.1000	17.1000	17.1000	4	17.1000
20080613:195400	16.4700	16.4700	16.4700	16.4700	4	16.4700
20080611:192600	16.8500	16.8700	16.8500	16.8700	4	16.8700
20080609:195200	17.1200	17.1200	17.1200	17.1200	4	17.1200
20080605:225400	17.1200	17.1200	17.1200	17.1200	4	17.1200
20080603:165900	16.7300	16.7300	16.7300	16.7300	4	16.7300
20080530:132300	16.7800	16.7800	16.7800	16.7800	4	16.7800
20080528:155000	17.4800	17.4800	17.4700	17.4700	4	17.4700
20080526:053200	18.2000	18.2000	18.2000	18.2000	4	18.2000
20080522:021100	18.0500	18.0500	18.0500	18.0500	4	18.0500
20080520:021800	16.9800	16.9800	16.9800	16.9800	4	16.9800
20080515:172200	16.6500	16.6600	16.6500	16.6600	4	16.6600
20080513:174900	16.7500	16.7500	16.7500	16.7500	4	16.7500
20080509:175900	16.7700	16.7700	16.7700	16.7700	4	16.7700
20080507:172200	16.6200	16.6300	16.6200	16.6200	4	16.6200
20080505:141500	16.6600	16.6600	16.6600	16.6600	4	16.6600
20080501:122100	16.6000	16.6000	16.6000	16.6000	4	16.6000
20080429:142400	16.6300	16.6300	16.5700	16.5700	4	16.5700
20080425:124600	16.7200	16.7200	16.7100	16.7100	4	16.7100
20080423:143300	17.1600	17.1800	17.1500	17.1800	4	17.1800
20080421:162000	17.3400	17.3600	17.3400	17.3600	4	17.3600
20080417:174300	18.2200	18.2200	18.2200	18.2200	4	18.2200
20080415:180900	17.7800	17.7800	17.7800	17.7800	4	17.7800
20080413:234600	17.5200	17.5300	17.5200	17.5300	4	17.5300
20080410:042100	18.1400	18.1400	18.1400	18.1400	4	18.1400
20080408:085800	17.9700	17.9700	17.9600	17.9600	4	17.9600
20080404:112100	17.3600	17.3600	17.3600	17.3600	4	17.3600
20080402:133400	16.8600	16.8900	16.8600	16.8900	4	16.8900
20080401:001600	17.3300	17.3400	17.3300	17.3400	4	17.3400
20080328:064400	18.2600	18.2600	18.2600	18.2600	4	18.2600
20080326:111400	18.0200	18.0300	18.0200	18.0300	4	18.0300
20080324:161600	17.0900	17.0900	17.0900	17.0900	4	17.0900
20080320:104800	17.3400	17.3600	17.3400	17.3600	4	17.3600
20080318:221400	19.6900	19.6900	19.6900	19.6900	4	19.6900
20080317:111300	20.9900	21.0000	20.9900	21.0000	4	21.0000
20080313:165300	20.4700	20.4800	20.4700	20.4800	4	20.4800
20080312:003600	19.7000	19.7000	19.7000	19.7000	4	19.7000
20080310:102200	20.0000	20.0000	19.9600	19.9600	4	19.9600
20080306:163000	20.4100	20.4100	20.4100	20.4100	4	20.4100
20080305:061800	19.5200	19.5300	19.5200	19.5200	4	19.5200
20080303:144800	20.2900	20.3000	20.2900	20.3000	4	20.3000
20080228:172200	19.8200	19.8200	19.7900	19.7900	4	19.7900
20080227:005800	19.0100	19.0100	19.0100	19.0100	4	19.0100
20080222:183800	17.9700	17.9700	17.9700	17.9700	4	17.9700
20080220:191400	17.6900	17.6900	17.6900	17.6900	4	17.6900
20080218:121700	16.9700	16.9700	16.9700	16.9700	4	16.9700
20080213:235600	17.2900	17.2900	17.2900	17.2900	4	17.2900
20080211:195800	17.4800	17.4800	17.4800	17.4800	4	17.4800
20080207:163700	16.7300	16.7300	16.7200	16.7200	4	16.7200
20080205:154400	16.3900	16.3900	16.3800	16.3800	4	16.3800
20080201:124600	17.1500	17.1500	17.1500	17.1500	4	17.1500
20080130:051700	16.6000	16.6000	16.6000	16.6000	4	16.6000
20080125:165500	16.3400	16.3400	16.3400	16.3400	4	16.3400
20080123:163500	16.1000	16.1100	16.1000	16.1100	4	16.1100
20080121:173100	15.4900	15.4900	15.4900	15.4900	4	15.4900
20080117:133100	15.9500	15.9500	15.9400	15.9400	4	15.9400
20080115:142900	16.2800	16.2800	16.2700	16.2800	4	16.2800
20080111:124000	16.0900	16.0900	16.0900	16.0900	4	16.0900
20080109:115200	15.9700	15.9800	15.9700	15.9800	4	15.9800
20080107:010200	15.2200	15.2200	15.2200	15.2200	4	15.2200
20080102:125000	14.8900	14.8900	14.8900	14.8900	4	14.8900
20071226:141100	14.6700	14.6700	14.6700	14.6700	4	14.6700
20071220:093600	14.0600	14.0600	14.0600	14.0600	4	14.0600
20071217:115400	13.6900	13.6900	13.6900	13.6900	4	13.6900
20071212:201900	14.5900	14.5900	14.5800	14.5800	4	14.5800
20071210:100800	14.3700	14.3700	14.3700	14.3700	4	14.3700
20071205:171500	14.2000	14.2100	14.2000	14.2100	4	14.2100
20071203:100400	13.9500	13.9500	13.9400	13.9400	4	13.9400
20071128:230800	14.4100	14.4100	14.4100	14.4100	4	14.4100
20071126:192500	14.8000	14.8000	14.8000	14.8000	4	14.8000
20071122:063600	14.5300	14.5300	14.5300	14.5300	4	14.5300
20071120:033100	14.1000	14.1000	14.1000	14.1000	4	14.1000
20071115:214400	14.4500	14.4500	14.4500	14.4500	4	14.4500
20071114:003200	14.6300	14.6400	14.6300	14.6400	4	14.6400
20071112:102400	15.1100	15.1100	15.1100	15.1100	4	15.1100
20071108:154700	15.6100	15.6200	15.6100	15.6200	4	15.6200
20071107:032600	15.8000	15.8000	15.8000	15.8000	4	15.8000
20071102:182700	14.6200	14.6200	14.6200	14.6200	4	14.6200
20071031:105900	14.2300	14.2300	14.2300	14.2300	4	14.2300
20071026:192400	14.1900	14.1900	14.1900	14.1900	4	14.1900
20071024:021800	13.5400	13.5400	13.5400	13.5400	4	13.5400
20071019:125500	13.8300	13.8300	13.8300	13.8300	4	13.8300
20071017:004400	13.6300	13.6300	13.6300	13.6300	4	13.6300
20071012:105100	13.7700	13.7700	13.7700	13.7700	4	13.7700
20071009:150300	13.5300	13.5300	13.5300	13.5300	4	13.5300
20071004:173500	13.3700	13.3700	13.3600	13.3600	4	13.3600
20071002:093200	13.3900	13.3900	13.3900	13.3900	4	13.3900
20070927:160100	13.4300	13.4500	13.4300	13.4500	4	13.4500
20070924:165000	13.4500	13.4500	13.4500	13.4500	4	13.4500
20070920:060500	12.9400	12.9400	12.9400	12.9400	4	12.9400
20070917:081900	12.6100	12.6100	12.6100	12.6100	4	12.6100
20070912:103700	12.6200	12.6200	12.6200	12.6200	4	12.6200
20070907:124000	12.5800	12.6000	12.5800	12.6000	4	12.6000
20070904:110600	12.0700	12.0700	12.0600	12.0600	4	12.0600
20070829:213100	11.8700	11.8700	11.8700	11.8700	4	11.8700
20070824:172300	11.9200	11.9200	11.9100	11.9100	4	11.9100
20070821:190300	11.5000	11.5000	11.5000	11.5000	4	11.5000
20070817:064800	11.5100	11.5100	11.5100	11.5100	4	11.5100
20070814:154800	12.7300	12.7300	12.7300	12.7300	4	12.7300
20070809:143600	12.8200	12.8200	12.8000	12.8000	4	12.8000
20070806:162700	12.9500	12.9500	12.9500	12.9500	4	12.9500
20070801:115200	12.7600	12.7600	12.7600	12.7600	4	12.7600
20070727:064600	12.8000	12.8000	12.8000	12.8000	4	12.8000
20070724:103800	13.3100	13.3100	13.3100	13.3100	4	13.3100
20070718:222200	13.1900	13.1900	13.1900	13.1900	4	13.1900
20070713:135600	13.0800	13.0800	13.0800	13.0800	4	13.0800
20070710:070400	12.7200	12.7200	12.7200	12.7200	4	12.7200
20070704:161300	12.6200	12.6200	12.6200	12.6200	4	12.6200
20070628:232500	12.4400	12.4400	12.4400	12.4400	4	12.4400
20070625:194100	12.8500	12.8500	12.8500	12.8500	4	12.8500
20070620:152600	13.2200	13.2200	13.2100	13.2100	4	13.2100
20070615:042600	13.1300	13.1300	13.1300	13.1300	4	13.1300
20070611:232700	13.2000	13.2000	13.2000	13.2000	4	13.2000
20070606:182400	13.6700	13.6700	13.6700	13.6700	4	13.6700
20070601:144200	13.5600	13.5600	13.5600	13.5600	4	13.5600
20070529:133600	13.0500	13.0600	13.0500	13.0600	4	13.0600
20070524:021200	13.0300	13.0300	13.0300	13.0300	4	13.0300
20070521:023100	12.9600	12.9600	12.9600	12.9600	4	12.9600
20070516:042600	13.1600	13.1600	13.1600	13.1600	4	13.1600
20070511:034900	13.0300	13.0400	13.0300	13.0400	4	13.0400
20070508:053800	13.5100	13.5100	13.5100	13.5100	4	13.5100
20070503:030100	13.1900	13.1900	13.1900	13.1900	4	13.1900
20070430:064500	13.4900	13.4900	13.4900	13.4900	4	13.4900
20070425:050600	13.7200	13.7200	13.7200	13.7200	4	13.7200
20070420:061000	13.7300	13.7300	13.7300	13.7300	4	13.7300
20070417:080500	13.9600	13.9600	13.9600	13.9600	4	13.9600
20070412:090400	13.8800	13.8800	13.8800	13.8800	4	13.8800
20070409:070700	13.6300	13.6300	13.6300	13.6300	4	13.6300
20070403:180300	13.3500	13.3500	13.3500	13.3500	4	13.3500
20070329:182000	13.2900	13.2900	13.2900	13.2900	4	13.2900
20070326:170500	13.3500	13.3500	13.3500	13.3500	4	13.3500
20070321:182200	13.2600	13.2600	13.2600	13.2600	4	13.2600
20070316:144400	13.1400	13.1400	13.1400	13.1400	4	13.1400
20070313:210600	12.7500	12.7500	12.7500	12.7500	4	12.7500
20070309:063300	12.9500	12.9500	12.9500	12.9500	4	12.9500
20070306:142900	12.7700	12.7800	12.7700	12.7800	4	12.7800
20070302:101100	13.6100	13.6100	13.6000	13.6000	4	13.6000
20070228:022500	14.2600	14.2700	14.2600	14.2700	4	14.2700
20070223:134200	14.4200	14.4200	14.4200	14.4200	4	14.4200
20070220:181900	13.8000	13.8000	13.8000	13.8000	4	13.8000
20070215:131500	13.9500	13.9500	13.9500	13.9500	4	13.9500
20070212:173000	13.6300	13.6300	13.6200	13.6200	4	13.6200
20070208:010800	13.6200	13.6200	13.6200	13.6200	4	13.6200
20070204:235500	13.3800	13.3800	13.3800	13.3800	4	13.3800
20070131:071600	13.2700	13.2700	13.2700	13.2700	4	13.2700
20070126:094800	13.3000	13.3000	13.2900	13.2900	4	13.2900
20070123:155400	13.2200	13.2200	13.2100	13.2100	4	13.2100
20070118:230900	12.6300	12.6300	12.6300	12.6300	4	12.6300
20070116:151400	12.7500	12.7500	12.7500	12.7500	4	12.7500
20070111:184400	12.3400	12.3400	12.3300	12.3300	4	12.3300
20070109:071000	12.3500	12.3500	12.3500	12.3500	4	12.3500
20070104:143000	12.6200	12.6200	12.6100	12.6100	4	12.6100
20061229:202200	12.8700	12.8700	12.8700	12.8700	4	12.8700
20061226:171100	12.6800	12.6800	12.6800	12.6800	4	12.6800
20061220:184600	12.5600	12.5600	12.5500	12.5500	4	12.5500
20061218:110100	12.9000	12.9000	12.9000	12.9000	4	12.9000
20061213:124800	13.7400	13.7400	13.7400	13.7400	4	13.7400
20061208:133400	13.7500	13.7600	13.7500	13.7600	4	13.7600
20061205:195200	13.8200	13.8200	13.8000	13.8000	4	13.8000
20061130:173400	13.9600	13.9600	13.9500	13.9500	4	13.9500
20061127:141700	13.4900	13.4900	13.4900	13.4900	4	13.4900
20061121:233100	13.0400	13.0400	13.0400	13.0400	4	13.0400
20061116:181400	12.9300	12.9300	12.9300	12.9300	4	12.9300
20061113:153400	12.8500	12.8500	12.8500	12.8500	4	12.8500
20061108:171600	12.5400	12.5400	12.5400	12.5400	4	12.5400
20061103:150800	12.4600	12.4600	12.4600	12.4600	4	12.4600
20061031:161900	12.1500	12.1500	12.1400	12.1400	4	12.1400
20061026:151200	12.1100	12.1100	12.1100	12.1100	4	12.1100
20061023:171400	11.6100	11.6100	11.6000	11.6000	4	11.6000
20061019:071400	11.7500	11.7500	11.7500	11.7500	4	11.7500
20061016:152900	11.7800	11.7800	11.7800	11.7800	4	11.7800
20061012:041600	11.2600	11.2600	11.2600	11.2600	4	11.2600
20061009:161900	11.2300	11.2300	11.2300	11.2300	4	11.2300
20061005:043800	10.8100	10.8100	10.8100	10.8100	4	10.8100
20061002:152500	11.5600	11.5700	11.5600	11.5700	4	11.5700
20060927:163000	11.6000	11.6000	11.6000	11.6000	4	11.6000
20060925:023600	11.1100	11.1100	11.1000	11.1000	4	11.1000
20060920:104900	10.7000	10.7000	10.7000	10.7000	4	10.7000
20060915:164900	10.7900	10.7900	10.7800	10.7800	4	10.7800
20060913:093700	10.9500	10.9500	10.9300	10.9300	4	10.9300
20060910:223300	12.0600	12.0600	12.0500	12.0500	4	12.0500
20060906:015200	12.9800	12.9800	12.9800	12.9800	4	12.9800
20060831:174300	12.8300	12.8300	12.8300	12.8300	4	12.8300
20060828:222800	12.0500	12.0500	12.0500	12.0500	4	12.0500
20060823:071300	12.2300	12.2300	12.2300	12.2300	4	12.2300
20060817:160700	12.1400	12.1400	12.1400	12.1400	4	12.1400
20060811:175600	11.9300	11.9300	11.9300	11.9300	4	11.9300
20060808:094500	12.2000	12.2000	12.2000	12.2000	4	12.2000
20060802:141800	12.1000	12.1000	12.1000	12.1000	4	12.1000
20060727:065200	11.1300	11.1300	11.1300	11.1300	4	11.1300
20060721:022300	10.9000	10.9000	10.9000	10.9000	4	10.9000
20060717:083700	11.6900	11.6900	11.6700	11.6700	4	11.6700
20060711:151200	11.3700	11.3800	11.3700	11.3800	4	11.3800
20060703:030600	11.0800	11.0800	11.0800	11.0800	4	11.0800
20060626:135800	10.3500	10.3500	10.3500	10.3500	4	10.3500
20060619:213500	9.9100	9.9100	9.9100	9.9100	4	9.9100
20060614:084600	9.8000	9.8000	9.8000	9.8000	4	9.8000
20060608:171600	11.1900	11.1900	11.1900	11.1900	4	11.1900
20060605:100800	12.3000	12.3000	12.3000	12.3000	4	12.3000
20060530:163800	13.1400	13.1500	13.1400	13.1500	4	13.1500
20060524:115000	12.7400	12.7400	12.7400	12.7400	4	12.7400
20060518:202200	12.5800	12.5800	12.5800	12.5800	4	12.5800
20060515:170900	13.3200	13.3200	13.3200	13.3200	4	13.3200
20060510:150200	14.4000	14.4000	14.4000	14.4000	4	14.4000
20060504:153100	14.1100	14.1100	14.1100	14.1100	4	14.1100
20060430:230900	13.7700	13.7700	13.7700	13.7700	4	13.7700
20060425:123700	12.5000	12.5000	12.4900	12.4900	4	12.4900
20060420:074900	14.6600	14.6600	14.6600	14.6600	4	14.6600
20060413:163700	12.7600	12.7600	12.7600	12.7600	4	12.7600
20060407:170000	12.0600	12.0600	12.0600	12.0600	4	12.0600
20060331:174100	11.4700	11.4700	11.4700	11.4700	4	11.4700
20060324:091500	10.6800	10.6800	10.6800	10.6800	4	10.6800
20060316:091600	10.2500	10.2500	10.2500	10.2500	4	10.2500
20060308:001700	10.0600	10.0600	10.0600	10.0600	4	10.0600
20060228:104100	9.7000	9.7000	9.7000	9.7000	4	9.7000
20060217:082500	9.3400	9.3400	9.3400	9.3400	4	9.3400
20060210:054400	9.5100	9.5100	9.5100	9.5100	4	9.5100
20060202:131000	9.8400	9.8400	9.8400	9.8400	4	9.8400
20060126:015100	9.4500	9.4500	9.4500	9.4500	4	9.4500
20060118:140100	8.8900	8.8900	8.8800	8.8800	4	8.8800
20060110:115800	9.0400	9.0400	9.0400	9.0400	4	9.0400
20060102:174200	8.8000	8.8000	8.8000	8.8000	4	8.8000
20051222:020900	8.3700	8.3700	8.3700	8.3700	4	8.3700
20051213:201500	8.4600	8.4600	8.4600	8.4600	4	8.4600
20051206:021300	8.6800	8.6800	8.6800	8.6800	4	8.6800
20051125:044400	8.1400	8.1400	8.1400	8.1400	4	8.1400
20051116:044700	7.7800	7.7800	7.7800	7.7800	4	7.7800
20051104:161000	7.4700	7.4700	7.4700	7.4700	4	7.4700
20051026:073600	7.8000	7.8000	7.8000	7.8000	4	7.8000
20051014:165100	7.7200	7.7300	7.7200	7.7300	4	7.7300
20051006:113800	7.3900	7.3900	7.3900	7.3900	4	7.3900
20050927:132400	7.2200	7.2200	7.2200	7.2200	4	7.2200
20050916:133100	7.0800	7.0800	7.0800	7.0800	4	7.0800
20050906:152000	7.0200	7.0200	7.0200	7.0200	4	7.0200
20050826:015400	6.8300	6.8300	6.8300	6.8300	4	6.8300
20050816:160900	6.9900	6.9900	6.9900	6.9900	4	6.9900
20050805:041900	7.1800	7.1800	7.1800	7.1800	4	7.1800
20050726:103600	7.0600	7.0600	7.0600	7.0600	4	7.0600
20050714:152000	7.0600	7.0600	7.0500	7.0500	4	7.0500
20050705:124200	6.8500	6.8500	6.8500	6.8500	4	6.8500
20050623:170000	7.2400	7.2400	7.2400	7.2400	4	7.2400
20050613:151200	7.2300	7.2300	7.2300	7.2300	4	7.2300
20050602:052000	7.4500	7.4500	7.4500	7.4500	4	7.4500
20050523:151700	6.9600	6.9600	6.9600	6.9600	4	6.9600
20050511:191400	7.0300	7.0300	7.0300	7.0300	4	7.0300
20050502:031100	6.8400	6.8400	6.8400	6.8400	4	6.8400
20050420:133600	7.2000	7.2000	7.2000	7.2000	4	7.2000
20050408:164900	7.0900	7.0900	7.0900	7.0900	4	7.0900
20050329:225400	6.9500	6.9500	6.9500	6.9500	4	6.9500
20050318:094600	7.3100	7.3100	7.3100	7.3100	4	7.3100
20050309:052400	7.5100	7.5100	7.5100	7.5100	4	7.5100
20050227:232200	7.2500	7.2500	7.2500	7.2500	4	7.2500
20050216:191900	7.2200	7.2200	7.2200	7.2200	4	7.2200
20050208:055700	6.5000	6.5000	6.5000	6.5000	4	6.5000
20050127:075200	6.7800	6.7800	6.7800	6.7800	4	6.7800
20050117:003200	6.5600	6.5600	6.5600	6.5600	4	6.5600
20050105:060300	6.4300	6.4300	6.4300	6.4300	4	6.4300
20041223:094500	6.8100	6.8100	6.8100	6.8100	4	6.8100
20041213:205600	6.8000	6.8000	6.8000	6.8000	4	6.8000
20041203:194200	7.9700	7.9700	7.9700	7.9700	4	7.9700
20041124:072400	7.5400	7.5400	7.5400	7.5400	4	7.5400
20041115:030600	7.5900	7.5900	7.5900	7.5900	4	7.5900
20041104:044900	7.1800	7.1800	7.1800	7.1800	4	7.1800
20041026:171200	7.2500	7.2600	7.2500	7.2600	4	7.2600
20041018:054400	7.0200	7.0200	7.0200	7.0200	4	7.0200
20041007:125600	7.1500	7.1500	7.1500	7.1500	4	7.1500
20040929:101100	6.5400	6.5400	6.5400	6.5400	4	6.5400
20040920:132900	6.1700	6.1700	6.1700	6.1700	4	6.1700
20040909:132400	6.0900	6.0900	6.0900	6.0900	4	6.0900
20040831:163900	6.7100	6.7200	6.7100	6.7200	4	6.7200
20040820:143700	6.8700	6.8900	6.8700	6.8900	4	6.8900
20040811:185200	6.5000	6.5000	6.5000	6.5000	4	6.5000
20040803:050400	6.5700	6.5700	6.5700	6.5700	4	6.5700
20040723:141300	6.3100	6.3100	6.3100	6.3100	4	6.3100
20040715:095600	6.5400	6.5400	6.5400	6.5400	4	6.5400
20040707:062800	5.9900	5.9900	5.9900	5.9900	4	5.9900
20040628:125900	6.1400	6.1400	6.1400	6.1400	4	6.1400
20040617:142100	5.7200	5.7200	5.7200	5.7200	4	5.7200
20040608:135900	5.8700	5.8700	5.8700	5.8700	4	5.8700
20040528:073800	6.2000	6.2000	6.2000	6.2000	4	6.2000
20040519:140900	5.7600	5.7600	5.7600	5.7600	4	5.7600
20040511:163600	5.5900	5.6000	5.5900	5.6000	4	5.6000
20040503:133200	5.9000	5.9000	5.9000	5.9000	4	5.9000
20040422:180700	6.0100	6.0100	6.0100	6.0100	4	6.0100
20040415:070600	7.0500	7.0500	7.0500	7.0500	4	7.0500
20040406:154200	8.1200	8.1300	8.1200	8.1300	4	8.1300
20040329:005800	7.7000	7.7000	7.7000	7.7000	4	7.7000
20040317:182400	7.2200	7.2200	7.2200	7.2200	4	7.2200
20040308:155700	6.9300	6.9300	6.9300	6.9300	4	6.9300
20040227:000800	6.6400	6.6400	6.6400	6.6400	4	6.6400
20040218:074200	6.8100	6.8100	6.8100	6.8100	4	6.8100
20040206:155900	6.2400	6.2400	6.2400	6.2400	4	6.2400
20040128:063200	6.4900	6.4900	6.4900	6.4900	4	6.4900
20040116:022600	6.1800	6.1800	6.1800	6.1800	4	6.1800
20040106:230500	6.2800	6.2800	6.2800	6.2800	4	6.2800
20031216:161000	5.6400	5.6400	5.6400	5.6400	4	5.6400
20031128:164500	5.3300	5.3300	5.3300	5.3300	4	5.3300
20031112:021100	5.0400	5.0400	5.0400	5.0400	4	5.0400
20031023:145100	5.1300	5.1300	5.1300	5.1300	4	5.1300
20031008:061000	4.8600	4.8600	4.8600	4.8600	4	4.8600
20030924:081200	5.1900	5.1900	5.1900	5.1900	4	5.1900
20030908:182600	5.0600	5.0600	5.0600	5.0600	4	5.0600
20030819:225300	4.9700	4.9700	4.9700	4.9700	4	4.9700
20030801:140200	5.0900	5.0900	5.0900	5.0900	4	5.0900
20030716:043500	4.6300	4.6300	4.6300	4.6300	4	4.6300
20030626:002200	4.5400	4.5400	4.5400	4.5400	4	4.5400
20030605:114500	4.4700	4.4700	4.4700	4.4700	4	4.4700
20030515:150300	4.7900	4.7900	4.7900	4.7900	4	4.7900
20030424:042900	4.5800	4.5800	4.5800	4.5800	4	4.5800
20030403:123800	4.3500	4.3500	4.3500	4.3500	4	4.3500
20030314:054400	4.5200	4.5200	4.5200	4.5200	4	4.5200
20030224:003700	4.6300	4.6300	4.6300	4.6300	4	4.6300
20030204:093500	4.8400	4.8400	4.8400	4.8400	4	4.8400
20030115:024200	4.7400	4.7400	4.7400	4.7400	4	4.7400
20021224:161500	4.6400	4.6400	4.6400	4.6400	4	4.6400
20021206:063900	4.6100	4.6100	4.6100	4.6100	4	4.6100
20021118:185800	4.5300	4.5300	4.5300	4.5300	4	4.5300
20021030:171100	4.5000	4.5000	4.5000	4.5000	4	4.5000
20021011:035300	4.2700	4.2700	4.2700	4.2700	4	4.2700
20020924:133100	4.6500	4.6500	4.6500	4.6500	4	4.6500
20020905:132000	4.4900	4.4900	4.4900	4.4900	4	4.4900
20020819:104500	4.4800	4.4800	4.4800	4.4800	4	4.4800
20020731:194500	4.5600	4.5600	4.5600	4.5600	4	4.5600
20020715:161200	5.1100	5.1100	5.1100	5.1100	4	5.1100
20020626:020300	4.8400	4.8400	4.8400	4.8400	4	4.8400
20020607:001500	4.9600	4.9600	4.9600	4.9600	4	4.9600
20020520:231400	4.7500	4.7500	4.7500	4.7500	4	4.7500
20020501:092700	4.5400	4.5400	4.5400	4.5400	4	4.5400
20020412:044900	4.5600	4.5600	4.5600	4.5600	4	4.5600
20020326:092900	4.5500	4.5500	4.5500	4.5500	4	4.5500
20020307:111500	4.4600	4.4600	4.4600	4.4600	4	4.4600
20020218:053700	4.5400	4.5400	4.5400	4.5400	4	4.5400
20020130:125600	4.2800	4.2800	4.2800	4.2800	4	4.2800
20020114:061200	4.7200	4.7200	4.7200	4.7200	4	4.7200
20011220:182800	4.4300	4.4300	4.4300	4.4300	4	4.4300
20011203:182600	4.2200	4.2200	4.2200	4.2200	4	4.2200
20011115:115100	4.1100	4.1100	4.1100	4.1100	4	4.1100
20011024:234000	4.2100	4.2100	4.2100	4.2100	4	4.2100
20011002:152600	4.6100	4.6100	4.6100	4.6100	4	4.6100
20010911:154100	4.2500	4.2500	4.2500	4.2500	4	4.2500
20010820:124300	4.2100	4.2100	4.2100	4.2100	4	4.2100
20010726:163500	4.2300	4.2300	4.2300	4.2300	4	4.2300
20010712:133800	4.2400	4.2400	4.2400	4.2400	4	4.2400
20010629:045800	4.3000	4.3000	4.3000	4.3000	4	4.3000
20010620:033000	4.3900	4.3900	4.3900	4.3900	4	4.3900
20010607:171000	4.3300	4.3300	4.3300	4.3300	4	4.3300
20010529:072400	4.5200	4.5200	4.5200	4.5200	4	4.5200
20010518:182100	4.5800	4.5800	4.5800	4.5800	4	4.5800
20010510:150900	4.3600	4.3600	4.3600	4.3600	4	4.3600
20010427:115100	4.4000	4.4000	4.4000	4.4000	4	4.4000
20010416:210000	4.4300	4.4300	4.4300	4.4300	4	4.4300
20010403:065900	4.3200	4.3200	4.3200	4.3200	4	4.3200
20010320:142600	4.3200	4.3200	4.3200	4.3200	4	4.3200
20010312:010300	4.5100	4.5100	4.5100	4.5100	4	4.5100
20010228:202000	4.4600	4.4600	4.4600	4.4600	4	4.4600
20010221:050600	4.4200	4.4200	4.4200	4.4200	4	4.4200
20010209:175600	4.5400	4.5400	4.5400	4.5400	4	4.5400
20010201:084900	4.8000	4.8000	4.8000	4.8000	4	4.8000
20010122:224100	4.7800	4.7800	4.7800	4.7800	4	4.7800
20010117:014600	4.6600	4.6600	4.6600	4.6600	4	4.6600
20010108:205500	4.5500	4.5500	4.5500	4.5500	4	4.5500
